WARNING: A restricted method in java.lang.System has been called
WARNING: java.lang.System::load has been called by net.rubygrapefruit.platform.internal.NativeLibraryLoader in an unnamed module (file:/Users/lornacalvete/.gradle/wrapper/dists/gradle-8.13-bin/5xuhj0ry160q40clulazy9h7d/gradle-8.13/lib/native-platform-0.22-milestone-28.jar)
WARNING: Use --enable-native-access=ALL-UNNAMED to avoid a warning for callers in this module
WARNING: Restricted methods will be blocked in a future release unless native access is enabled

2026-03-23T03:51:51.035-0300 [INFO] [org.gradle.internal.nativeintegration.services.NativeServices] Initialized native services in: /Users/lornacalvete/.gradle/native
2026-03-23T03:51:51.060-0300 [INFO] [org.gradle.internal.nativeintegration.services.NativeServices] Initialized jansi services in: /Users/lornacalvete/.gradle/native
2026-03-23T03:51:51.076-0300 [LIFECYCLE] [org.gradle.launcher.cli.DebugLoggerWarningAction] 
#############################################################################
   WARNING WARNING WARNING WARNING WARNING WARNING WARNING WARNING WARNING

   Debug level logging will leak security sensitive information!

   For more details, please refer to https://docs.gradle.org/8.13/userguide/logging.html#sec:debug_security in the Gradle documentation.
#############################################################################

2026-03-23T03:51:51.137-0300 [DEBUG] [org.gradle.internal.remote.internal.inet.InetAddresses] Adding IP addresses for network interface utun5
2026-03-23T03:51:51.137-0300 [DEBUG] [org.gradle.internal.remote.internal.inet.InetAddresses] Is this a loopback interface? false
2026-03-23T03:51:51.137-0300 [DEBUG] [org.gradle.internal.remote.internal.inet.InetAddresses] Adding remote address /fe80:0:0:0:263c:60b:ca71:9846%utun5
2026-03-23T03:51:51.137-0300 [DEBUG] [org.gradle.internal.remote.internal.inet.InetAddresses] Adding IP addresses for network interface utun4
2026-03-23T03:51:51.137-0300 [DEBUG] [org.gradle.internal.remote.internal.inet.InetAddresses] Is this a loopback interface? false
2026-03-23T03:51:51.137-0300 [DEBUG] [org.gradle.internal.remote.internal.inet.InetAddresses] Adding remote address /fe80:0:0:0:e134:fcd7:8f37:e880%utun4
2026-03-23T03:51:51.138-0300 [DEBUG] [org.gradle.internal.remote.internal.inet.InetAddresses] Adding IP addresses for network interface utun3
2026-03-23T03:51:51.138-0300 [DEBUG] [org.gradle.internal.remote.internal.inet.InetAddresses] Is this a loopback interface? false
2026-03-23T03:51:51.138-0300 [DEBUG] [org.gradle.internal.remote.internal.inet.InetAddresses] Adding remote address /fe80:0:0:0:9a4a:e955:7ee3:2475%utun3
2026-03-23T03:51:51.138-0300 [DEBUG] [org.gradle.internal.remote.internal.inet.InetAddresses] Adding IP addresses for network interface utun2
2026-03-23T03:51:51.138-0300 [DEBUG] [org.gradle.internal.remote.internal.inet.InetAddresses] Is this a loopback interface? false
2026-03-23T03:51:51.138-0300 [DEBUG] [org.gradle.internal.remote.internal.inet.InetAddresses] Adding remote address /fe80:0:0:0:ce81:b1c:bd2c:69e%utun2
2026-03-23T03:51:51.138-0300 [DEBUG] [org.gradle.internal.remote.internal.inet.InetAddresses] Adding IP addresses for network interface utun1
2026-03-23T03:51:51.138-0300 [DEBUG] [org.gradle.internal.remote.internal.inet.InetAddresses] Is this a loopback interface? false
2026-03-23T03:51:51.138-0300 [DEBUG] [org.gradle.internal.remote.internal.inet.InetAddresses] Adding remote address /fe80:0:0:0:6ae2:e338:573:6ff2%utun1
2026-03-23T03:51:51.138-0300 [DEBUG] [org.gradle.internal.remote.internal.inet.InetAddresses] Adding IP addresses for network interface llw0
2026-03-23T03:51:51.138-0300 [DEBUG] [org.gradle.internal.remote.internal.inet.InetAddresses] Is this a loopback interface? false
2026-03-23T03:51:51.138-0300 [DEBUG] [org.gradle.internal.remote.internal.inet.InetAddresses] Adding remote address /fe80:0:0:0:4ca8:f3ff:fe22:2ecd%llw0
2026-03-23T03:51:51.138-0300 [DEBUG] [org.gradle.internal.remote.internal.inet.InetAddresses] Adding IP addresses for network interface utun0
2026-03-23T03:51:51.138-0300 [DEBUG] [org.gradle.internal.remote.internal.inet.InetAddresses] Is this a loopback interface? false
2026-03-23T03:51:51.138-0300 [DEBUG] [org.gradle.internal.remote.internal.inet.InetAddresses] Adding remote address /fe80:0:0:0:5faa:bff7:2cd4:84bd%utun0
2026-03-23T03:51:51.138-0300 [DEBUG] [org.gradle.internal.remote.internal.inet.InetAddresses] Adding IP addresses for network interface awdl0
2026-03-23T03:51:51.138-0300 [DEBUG] [org.gradle.internal.remote.internal.inet.InetAddresses] Is this a loopback interface? false
2026-03-23T03:51:51.138-0300 [DEBUG] [org.gradle.internal.remote.internal.inet.InetAddresses] Adding remote address /fe80:0:0:0:4ca8:f3ff:fe22:2ecd%awdl0
2026-03-23T03:51:51.138-0300 [DEBUG] [org.gradle.internal.remote.internal.inet.InetAddresses] Adding IP addresses for network interface en0
2026-03-23T03:51:51.138-0300 [DEBUG] [org.gradle.internal.remote.internal.inet.InetAddresses] Is this a loopback interface? false
2026-03-23T03:51:51.138-0300 [DEBUG] [org.gradle.internal.remote.internal.inet.InetAddresses] Adding remote address /fe80:0:0:0:14c3:3420:dec6:e3e%en0
2026-03-23T03:51:51.138-0300 [DEBUG] [org.gradle.internal.remote.internal.inet.InetAddresses] Adding remote address /192.168.0.2
2026-03-23T03:51:51.138-0300 [DEBUG] [org.gradle.internal.remote.internal.inet.InetAddresses] Adding IP addresses for network interface lo0
2026-03-23T03:51:51.138-0300 [DEBUG] [org.gradle.internal.remote.internal.inet.InetAddresses] Is this a loopback interface? true
2026-03-23T03:51:51.138-0300 [DEBUG] [org.gradle.internal.remote.internal.inet.InetAddresses] Ignoring remote address on loopback interface /fe80:0:0:0:0:0:0:1%lo0
2026-03-23T03:51:51.138-0300 [DEBUG] [org.gradle.internal.remote.internal.inet.InetAddresses] Adding loopback address /0:0:0:0:0:0:0:1%lo0
2026-03-23T03:51:51.138-0300 [DEBUG] [org.gradle.internal.remote.internal.inet.InetAddresses] Adding loopback address /127.0.0.1
2026-03-23T03:51:51.163-0300 [DEBUG] [org.gradle.cache.internal.DefaultCacheCoordinator] Creating new cache for metadata, path /Users/lornacalvete/.gradle/caches/8.13/jvms/metadata.bin, access org.gradle.cache.internal.DefaultCacheCoordinator@1205bd62
2026-03-23T03:51:51.202-0300 [DEBUG] [org.gradle.launcher.daemon.client.DaemonClient] Executing build f20aacc3-163d-4c93-825a-92163cbcf3d0 in daemon client {pid=99136}
2026-03-23T03:51:51.203-0300 [DEBUG] [org.gradle.cache.internal.DefaultFileLockManager] Waiting to acquire shared lock on daemon addresses registry.
2026-03-23T03:51:51.204-0300 [DEBUG] [org.gradle.cache.internal.DefaultFileLockManager] Lock acquired on daemon addresses registry.
2026-03-23T03:51:51.206-0300 [DEBUG] [org.gradle.cache.internal.DefaultFileLockManager] Releasing lock on daemon addresses registry.
2026-03-23T03:51:51.208-0300 [INFO] [org.gradle.launcher.daemon.client.DefaultDaemonConnector] Found daemon DaemonInfo{pid=85289, address=[fb1263c5-f0cd-4f2a-b5c2-22d2eb0f680f port:60408, addresses:[/127.0.0.1]], state=Idle, lastBusy=1774240571810, context=DefaultDaemonContext[uid=3a84386b-6718-4ff7-b248-901c9bba316c,javaHome=/Users/lornacalvete/.antigravity/extensions/redhat.java-1.52.0-darwin-arm64/jre/21.0.9-macosx-aarch64,javaVersion=21,javaVendor=Eclipse Adoptium,daemonRegistryDir=/Users/lornacalvete/.gradle/daemon,pid=85289,idleTimeout=10800000,priority=NORMAL,applyInstrumentationAgent=true,nativeServicesMode=ENABLED,daemonOpts=-Xmx4096m,-Dfile.encoding=UTF-8,-Duser.country=AR,-Duser.language=es,-Duser.variant]} however its context does not match the desired criteria.
JVM is incompatible.
Wanted: DaemonRequestContext{jvmCriteria=/Library/Java/JavaVirtualMachines/temurin-25.jdk/Contents/Home (no JDK specified, using current Java home), daemonOpts=[-Xmx4096m, -Dfile.encoding=UTF-8, -Duser.country=AR, -Duser.language=es, -Duser.variant], applyInstrumentationAgent=true, nativeServicesMode=ENABLED, priority=NORMAL}
Actual: DefaultDaemonContext[uid=3a84386b-6718-4ff7-b248-901c9bba316c,javaHome=/Users/lornacalvete/.antigravity/extensions/redhat.java-1.52.0-darwin-arm64/jre/21.0.9-macosx-aarch64,javaVersion=21,javaVendor=Eclipse Adoptium,daemonRegistryDir=/Users/lornacalvete/.gradle/daemon,pid=85289,idleTimeout=10800000,priority=NORMAL,applyInstrumentationAgent=true,nativeServicesMode=ENABLED,daemonOpts=-Xmx4096m,-Dfile.encoding=UTF-8,-Duser.country=AR,-Duser.language=es,-Duser.variant]

  Looking for a different daemon...
2026-03-23T03:51:51.208-0300 [INFO] [org.gradle.launcher.daemon.client.DefaultDaemonConnector] Found daemon DaemonInfo{pid=98001, address=[0ea87c69-6084-4e44-84b2-da26a753336e port:62732, addresses:[/127.0.0.1]], state=Idle, lastBusy=1774248194105, context=DefaultDaemonContext[uid=447f5006-83c6-472f-a84d-58854afb81e1,javaHome=/Applications/Android Studio.app/Contents/jbr/Contents/Home,javaVersion=21,javaVendor=JetBrains s.r.o.,daemonRegistryDir=/Users/lornacalvete/.gradle/daemon,pid=98001,idleTimeout=10800000,priority=NORMAL,applyInstrumentationAgent=true,nativeServicesMode=ENABLED,daemonOpts=-Xmx4096m,-Dfile.encoding=UTF-8,-Duser.country=AR,-Duser.language=es,-Duser.variant]} however its context does not match the desired criteria.
JVM is incompatible.
Wanted: DaemonRequestContext{jvmCriteria=/Library/Java/JavaVirtualMachines/temurin-25.jdk/Contents/Home (no JDK specified, using current Java home), daemonOpts=[-Xmx4096m, -Dfile.encoding=UTF-8, -Duser.country=AR, -Duser.language=es, -Duser.variant], applyInstrumentationAgent=true, nativeServicesMode=ENABLED, priority=NORMAL}
Actual: DefaultDaemonContext[uid=447f5006-83c6-472f-a84d-58854afb81e1,javaHome=/Applications/Android Studio.app/Contents/jbr/Contents/Home,javaVersion=21,javaVendor=JetBrains s.r.o.,daemonRegistryDir=/Users/lornacalvete/.gradle/daemon,pid=98001,idleTimeout=10800000,priority=NORMAL,applyInstrumentationAgent=true,nativeServicesMode=ENABLED,daemonOpts=-Xmx4096m,-Dfile.encoding=UTF-8,-Duser.country=AR,-Duser.language=es,-Duser.variant]

  Looking for a different daemon...
2026-03-23T03:51:51.208-0300 [DEBUG] [org.gradle.internal.remote.internal.inet.TcpOutgoingConnector] Attempting to connect to [01e0021d-8800-4e3d-bab4-7ffd31ab232a port:62908, addresses:[/127.0.0.1]].
2026-03-23T03:51:51.208-0300 [DEBUG] [org.gradle.internal.remote.internal.inet.TcpOutgoingConnector] Trying to connect to address /127.0.0.1.
2026-03-23T03:51:51.211-0300 [DEBUG] [org.gradle.internal.remote.internal.inet.TcpOutgoingConnector] Connected to address /127.0.0.1:62908.
2026-03-23T03:51:51.218-0300 [DEBUG] [org.gradle.launcher.daemon.client.DaemonClient] Connected to daemon DaemonInfo{pid=98203, address=[01e0021d-8800-4e3d-bab4-7ffd31ab232a port:62908, addresses:[/127.0.0.1]], state=Idle, lastBusy=1774248665551, context=DefaultDaemonContext[uid=82cce6ab-e287-4b3c-9ad2-50a3b99358a1,javaHome=/Library/Java/JavaVirtualMachines/temurin-25.jdk/Contents/Home,javaVersion=25,javaVendor=Eclipse Adoptium,daemonRegistryDir=/Users/lornacalvete/.gradle/daemon,pid=98203,idleTimeout=10800000,priority=NORMAL,applyInstrumentationAgent=true,nativeServicesMode=ENABLED,daemonOpts=-Xmx4096m,-Dfile.encoding=UTF-8,-Duser.country=AR,-Duser.language=es,-Duser.variant]}. Dispatching request Build{id=f20aacc3-163d-4c93-825a-92163cbcf3d0, currentDir=/Users/lornacalvete/Documents/RealFitness-iOS/Real-fit-android}.
2026-03-23T03:51:51.218-0300 [DEBUG] [org.gradle.launcher.daemon.client.DaemonClientConnection] thread 3: dispatching class org.gradle.launcher.daemon.protocol.Build
2026-03-23T03:51:51.228-0300 [DEBUG] [org.gradle.launcher.daemon.client.DaemonClient] Received result org.gradle.launcher.daemon.protocol.BuildStarted@31d0e481 from daemon DaemonInfo{pid=98203, address=[01e0021d-8800-4e3d-bab4-7ffd31ab232a port:62908, addresses:[/127.0.0.1]], state=Idle, lastBusy=1774248665551, context=DefaultDaemonContext[uid=82cce6ab-e287-4b3c-9ad2-50a3b99358a1,javaHome=/Library/Java/JavaVirtualMachines/temurin-25.jdk/Contents/Home,javaVersion=25,javaVendor=Eclipse Adoptium,daemonRegistryDir=/Users/lornacalvete/.gradle/daemon,pid=98203,idleTimeout=10800000,priority=NORMAL,applyInstrumentationAgent=true,nativeServicesMode=ENABLED,daemonOpts=-Xmx4096m,-Dfile.encoding=UTF-8,-Duser.country=AR,-Duser.language=es,-Duser.variant]} (build should be starting).
2026-03-23T03:51:51.229-0300 [INFO] [org.gradle.launcher.daemon.server.exec.LogToClient] The client will now receive all logging from the daemon (pid: 98203). The daemon log file: /Users/lornacalvete/.gradle/daemon/8.13/daemon-98203.out.log
2026-03-23T03:51:51.231-0300 [INFO] [org.gradle.launcher.daemon.server.exec.LogAndCheckHealth] Starting 6th build in daemon [uptime: 4 mins 55.668 secs, performance: 98%, GC rate: 0.00/s, heap usage: 0% of 4 GiB]
2026-03-23T03:51:51.231-0300 [DEBUG] [org.gradle.launcher.daemon.server.exec.ExecuteBuild] The daemon has started executing the build.
2026-03-23T03:51:51.231-0300 [DEBUG] [org.gradle.launcher.daemon.server.exec.ExecuteBuild] Executing build with daemon context: DefaultDaemonContext[uid=82cce6ab-e287-4b3c-9ad2-50a3b99358a1,javaHome=/Library/Java/JavaVirtualMachines/temurin-25.jdk/Contents/Home,javaVersion=25,javaVendor=Eclipse Adoptium,daemonRegistryDir=/Users/lornacalvete/.gradle/daemon,pid=98203,idleTimeout=10800000,priority=NORMAL,applyInstrumentationAgent=true,nativeServicesMode=ENABLED,daemonOpts=-Xmx4096m,-Dfile.encoding=UTF-8,-Duser.country=AR,-Duser.language=es,-Duser.variant]
2026-03-23T03:51:51.246-0300 [INFO] [org.gradle.internal.work.DefaultWorkerLeaseService] Using 8 worker leases.
2026-03-23T03:51:51.247-0300 [DEBUG] [org.gradle.internal.resources.AbstractTrackedResourceLock] Daemon worker Thread 2: acquired lock on worker lease
2026-03-23T03:51:51.247-0300 [DEBUG] [org.gradle.internal.operations.DefaultBuildOperationRunner] Build operation 'Run build' started
2026-03-23T03:51:51.255-0300 [DEBUG] [org.gradle.cache.internal.DefaultCacheCoordinator] Creating new cache for fileHashes, path /Users/lornacalvete/Documents/RealFitness-iOS/Real-fit-android/.gradle/8.13/fileHashes/fileHashes.bin, access org.gradle.cache.internal.DefaultCacheCoordinator@39331419
2026-03-23T03:51:51.255-0300 [DEBUG] [org.gradle.cache.internal.LockOnDemandCrossProcessCacheAccess] Acquiring file lock for file hash cache (/Users/lornacalvete/Documents/RealFitness-iOS/Real-fit-android/.gradle/8.13/fileHashes)
2026-03-23T03:51:51.256-0300 [DEBUG] [org.gradle.cache.internal.DefaultFileLockManager] Waiting to acquire exclusive lock on file hash cache (/Users/lornacalvete/Documents/RealFitness-iOS/Real-fit-android/.gradle/8.13/fileHashes).
2026-03-23T03:51:51.256-0300 [DEBUG] [org.gradle.cache.internal.DefaultFileLockManager] Lock acquired on file hash cache (/Users/lornacalvete/Documents/RealFitness-iOS/Real-fit-android/.gradle/8.13/fileHashes).
2026-03-23T03:51:51.256-0300 [DEBUG] [org.gradle.cache.internal.DefaultCacheCoordinator] Creating new cache for resourceHashesCache, path /Users/lornacalvete/Documents/RealFitness-iOS/Real-fit-android/.gradle/8.13/fileHashes/resourceHashesCache.bin, access org.gradle.cache.internal.DefaultCacheCoordinator@39331419
2026-03-23T03:51:51.258-0300 [DEBUG] [org.gradle.cache.internal.DefaultCacheCoordinator] Creating new cache for md5-checksums, path /Users/lornacalvete/Documents/RealFitness-iOS/Real-fit-android/.gradle/8.13/checksums/md5-checksums.bin, access org.gradle.cache.internal.DefaultCacheCoordinator@1bf124e3
2026-03-23T03:51:51.258-0300 [DEBUG] [org.gradle.cache.internal.LockOnDemandCrossProcessCacheAccess] Acquiring file lock for checksums cache (/Users/lornacalvete/Documents/RealFitness-iOS/Real-fit-android/.gradle/8.13/checksums)
2026-03-23T03:51:51.259-0300 [DEBUG] [org.gradle.cache.internal.DefaultFileLockManager] Waiting to acquire exclusive lock on checksums cache (/Users/lornacalvete/Documents/RealFitness-iOS/Real-fit-android/.gradle/8.13/checksums).
2026-03-23T03:51:51.259-0300 [DEBUG] [org.gradle.cache.internal.DefaultFileLockManager] Lock acquired on checksums cache (/Users/lornacalvete/Documents/RealFitness-iOS/Real-fit-android/.gradle/8.13/checksums).
2026-03-23T03:51:51.260-0300 [DEBUG] [org.gradle.cache.internal.DefaultCacheCoordinator] Creating new cache for sha1-checksums, path /Users/lornacalvete/Documents/RealFitness-iOS/Real-fit-android/.gradle/8.13/checksums/sha1-checksums.bin, access org.gradle.cache.internal.DefaultCacheCoordinator@1bf124e3
2026-03-23T03:51:51.260-0300 [DEBUG] [org.gradle.cache.internal.DefaultCacheCoordinator] Creating new cache for sha256-checksums, path /Users/lornacalvete/Documents/RealFitness-iOS/Real-fit-android/.gradle/8.13/checksums/sha256-checksums.bin, access org.gradle.cache.internal.DefaultCacheCoordinator@1bf124e3
2026-03-23T03:51:51.260-0300 [DEBUG] [org.gradle.cache.internal.DefaultCacheCoordinator] Creating new cache for sha512-checksums, path /Users/lornacalvete/Documents/RealFitness-iOS/Real-fit-android/.gradle/8.13/checksums/sha512-checksums.bin, access org.gradle.cache.internal.DefaultCacheCoordinator@1bf124e3
2026-03-23T03:51:51.265-0300 [DEBUG] [org.gradle.cache.internal.DefaultCacheCoordinator] Creating new cache for outputFiles, path /Users/lornacalvete/Documents/RealFitness-iOS/Real-fit-android/.gradle/buildOutputCleanup/outputFiles.bin, access org.gradle.cache.internal.DefaultCacheCoordinator@2ec9f4db
2026-03-23T03:51:51.266-0300 [DEBUG] [org.gradle.cache.internal.LockOnDemandCrossProcessCacheAccess] Acquiring file lock for Build Output Cleanup Cache (/Users/lornacalvete/Documents/RealFitness-iOS/Real-fit-android/.gradle/buildOutputCleanup)
2026-03-23T03:51:51.266-0300 [DEBUG] [org.gradle.cache.internal.DefaultFileLockManager] Waiting to acquire exclusive lock on Build Output Cleanup Cache (/Users/lornacalvete/Documents/RealFitness-iOS/Real-fit-android/.gradle/buildOutputCleanup).
2026-03-23T03:51:51.266-0300 [DEBUG] [org.gradle.cache.internal.DefaultFileLockManager] Lock acquired on Build Output Cleanup Cache (/Users/lornacalvete/Documents/RealFitness-iOS/Real-fit-android/.gradle/buildOutputCleanup).
2026-03-23T03:51:51.271-0300 [DEBUG] [org.gradle.internal.operations.DefaultBuildOperationRunner] Build operation 'Check configuration cache fingerprint' started
2026-03-23T03:51:51.272-0300 [DEBUG] [org.gradle.cache.internal.DefaultFileLockManager] Waiting to acquire shared lock on Gradle Configuration Cache keystore (/Users/lornacalvete/.gradle/caches/8.13/cc-keystore).
2026-03-23T03:51:51.272-0300 [DEBUG] [org.gradle.cache.internal.DefaultFileLockManager] Lock acquired on Gradle Configuration Cache keystore (/Users/lornacalvete/.gradle/caches/8.13/cc-keystore).
2026-03-23T03:51:51.272-0300 [DEBUG] [org.gradle.internal.encryption.EncryptionService] Loading keystore from /Users/lornacalvete/.gradle/caches/8.13/cc-keystore/gradle.keystore
2026-03-23T03:51:51.278-0300 [DEBUG] [org.gradle.internal.encryption.EncryptionService] Retrieved key
2026-03-23T03:51:51.278-0300 [DEBUG] [org.gradle.cache.internal.DefaultFileLockManager] Releasing lock on Gradle Configuration Cache keystore (/Users/lornacalvete/.gradle/caches/8.13/cc-keystore).
2026-03-23T03:51:51.280-0300 [DEBUG] [org.gradle.cache.internal.LockOnDemandCrossProcessCacheAccess] Acquiring file lock for Configuration Cache (/Users/lornacalvete/Documents/RealFitness-iOS/Real-fit-android/.gradle/configuration-cache)
2026-03-23T03:51:51.281-0300 [DEBUG] [org.gradle.cache.internal.DefaultFileLockManager] Waiting to acquire exclusive lock on Configuration Cache (/Users/lornacalvete/Documents/RealFitness-iOS/Real-fit-android/.gradle/configuration-cache).
2026-03-23T03:51:51.282-0300 [DEBUG] [org.gradle.cache.internal.DefaultFileLockManager] Lock acquired on Configuration Cache (/Users/lornacalvete/Documents/RealFitness-iOS/Real-fit-android/.gradle/configuration-cache).
2026-03-23T03:51:51.286-0300 [DEBUG] [org.gradle.internal.operations.DefaultBuildOperationRunner] Completing Build operation 'Check configuration cache fingerprint'
2026-03-23T03:51:51.286-0300 [DEBUG] [org.gradle.internal.operations.DefaultBuildOperationRunner] Build operation 'Check configuration cache fingerprint' completed
2026-03-23T03:51:51.286-0300 [LIFECYCLE] [org.gradle.configurationcache] Calculating task graph as no cached configuration is available for tasks: clean
2026-03-23T03:51:51.286-0300 [INFO] [org.gradle.internal.watch.registry.impl.WatchableHierarchies] Now considering [/Users/lornacalvete/Documents/RealFitness-iOS/Real-fit-android] as hierarchies to watch
2026-03-23T03:51:51.288-0300 [INFO] [org.gradle.tooling.internal.provider.FileSystemWatchingBuildActionRunner] Watching the file system is configured to be enabled
2026-03-23T03:51:51.288-0300 [DEBUG] [org.gradle.tooling.internal.provider.FileSystemWatchingBuildActionRunner] Watching the file system computed to be enabled
2026-03-23T03:51:51.288-0300 [DEBUG] [org.gradle.internal.operations.DefaultBuildOperationRunner] Build operation 'Build started for file system watching' started
2026-03-23T03:51:51.289-0300 [DEBUG] [org.gradle.internal.operations.DefaultBuildOperationRunner] Completing Build operation 'Build started for file system watching'
2026-03-23T03:51:51.289-0300 [DEBUG] [org.gradle.internal.operations.DefaultBuildOperationRunner] Build operation 'Build started for file system watching' completed
2026-03-23T03:51:51.289-0300 [INFO] [org.gradle.tooling.internal.provider.FileSystemWatchingBuildActionRunner] File system watching is active
2026-03-23T03:51:51.335-0300 [DEBUG] [org.gradle.configurationcache] {"profile":"build fingerprint","type":"O","frame":"org.gradle.internal.cc.impl.fingerprint.ConfigurationCacheFingerprint$InitScripts","oid":"834a885","hash":"1","at":2,"sn":0}
2026-03-23T03:51:51.336-0300 [DEBUG] [org.gradle.configurationcache] {"profile":"build fingerprint","type":"O","frame":"org.gradle.internal.cc.impl.fingerprint.ConfigurationCacheFingerprint$InitScripts.fingerprints","at":90,"sn":1}
2026-03-23T03:51:51.336-0300 [DEBUG] [org.gradle.configurationcache] {"profile":"build fingerprint","type":"O","frame":"java.util.ArrayList","oid":"224eafdd","hash":"1","at":91,"sn":2}
2026-03-23T03:51:51.336-0300 [DEBUG] [org.gradle.configurationcache] {"profile":"build fingerprint","type":"C","frame":"java.util.ArrayList","oid":"224eafdd","hash":"1","at":92,"sn":3}
2026-03-23T03:51:51.336-0300 [DEBUG] [org.gradle.configurationcache] {"profile":"build fingerprint","type":"C","frame":"org.gradle.internal.cc.impl.fingerprint.ConfigurationCacheFingerprint$InitScripts.fingerprints","at":92,"sn":4}
2026-03-23T03:51:51.336-0300 [DEBUG] [org.gradle.configurationcache] {"profile":"build fingerprint","type":"C","frame":"org.gradle.internal.cc.impl.fingerprint.ConfigurationCacheFingerprint$InitScripts","oid":"834a885","hash":"1","at":92,"sn":5}
2026-03-23T03:51:51.336-0300 [DEBUG] [org.gradle.configurationcache] {"profile":"build fingerprint","type":"O","frame":"org.gradle.internal.cc.impl.fingerprint.ConfigurationCacheFingerprint$GradleEnvironment","oid":"533277c9","hash":"-6a2782bf","at":94,"sn":6}
2026-03-23T03:51:51.337-0300 [DEBUG] [org.gradle.configurationcache] {"profile":"build fingerprint","type":"O","frame":"org.gradle.internal.cc.impl.fingerprint.ConfigurationCacheFingerprint$GradleEnvironment.gradleUserHomeDir","at":188,"sn":7}
2026-03-23T03:51:51.337-0300 [DEBUG] [org.gradle.configurationcache] {"profile":"build fingerprint","type":"O","frame":"java.io.File","oid":"ed1edd4","hash":"1613f59","at":189,"sn":8}
2026-03-23T03:51:51.337-0300 [DEBUG] [org.gradle.configurationcache] {"profile":"build fingerprint","type":"C","frame":"java.io.File","oid":"ed1edd4","hash":"1613f59","at":217,"sn":9}
2026-03-23T03:51:51.337-0300 [DEBUG] [org.gradle.configurationcache] {"profile":"build fingerprint","type":"C","frame":"org.gradle.internal.cc.impl.fingerprint.ConfigurationCacheFingerprint$GradleEnvironment.gradleUserHomeDir","at":217,"sn":10}
2026-03-23T03:51:51.337-0300 [DEBUG] [org.gradle.configurationcache] {"profile":"build fingerprint","type":"O","frame":"org.gradle.internal.cc.impl.fingerprint.ConfigurationCacheFingerprint$GradleEnvironment.ignoreInputsDuringConfigurationCacheStore","at":217,"sn":11}
2026-03-23T03:51:51.337-0300 [DEBUG] [org.gradle.configurationcache] {"profile":"build fingerprint","type":"O","frame":"java.lang.Boolean","oid":"238c0c0b","hash":"4d5","at":218,"sn":12}
2026-03-23T03:51:51.337-0300 [DEBUG] [org.gradle.configurationcache] {"profile":"build fingerprint","type":"C","frame":"java.lang.Boolean","oid":"238c0c0b","hash":"4d5","at":219,"sn":13}
2026-03-23T03:51:51.337-0300 [DEBUG] [org.gradle.configurationcache] {"profile":"build fingerprint","type":"C","frame":"org.gradle.internal.cc.impl.fingerprint.ConfigurationCacheFingerprint$GradleEnvironment.ignoreInputsDuringConfigurationCacheStore","at":219,"sn":14}
2026-03-23T03:51:51.337-0300 [DEBUG] [org.gradle.configurationcache] {"profile":"build fingerprint","type":"O","frame":"org.gradle.internal.cc.impl.fingerprint.ConfigurationCacheFingerprint$GradleEnvironment.ignoredFileSystemCheckInputPaths","at":219,"sn":15}
2026-03-23T03:51:51.337-0300 [DEBUG] [org.gradle.configurationcache] {"profile":"build fingerprint","type":"C","frame":"org.gradle.internal.cc.impl.fingerprint.ConfigurationCacheFingerprint$GradleEnvironment.ignoredFileSystemCheckInputPaths","at":224,"sn":16}
2026-03-23T03:51:51.337-0300 [DEBUG] [org.gradle.configurationcache] {"profile":"build fingerprint","type":"O","frame":"org.gradle.internal.cc.impl.fingerprint.ConfigurationCacheFingerprint$GradleEnvironment.instrumentationAgentUsed","at":224,"sn":17}
2026-03-23T03:51:51.337-0300 [DEBUG] [org.gradle.configurationcache] {"profile":"build fingerprint","type":"O","frame":"java.lang.Boolean","oid":"746b6fe0","hash":"4cf","at":225,"sn":18}
2026-03-23T03:51:51.337-0300 [DEBUG] [org.gradle.configurationcache] {"profile":"build fingerprint","type":"C","frame":"java.lang.Boolean","oid":"746b6fe0","hash":"4cf","at":226,"sn":19}
2026-03-23T03:51:51.337-0300 [DEBUG] [org.gradle.configurationcache] {"profile":"build fingerprint","type":"C","frame":"org.gradle.internal.cc.impl.fingerprint.ConfigurationCacheFingerprint$GradleEnvironment.instrumentationAgentUsed","at":226,"sn":20}
2026-03-23T03:51:51.338-0300 [DEBUG] [org.gradle.configurationcache] {"profile":"build fingerprint","type":"O","frame":"org.gradle.internal.cc.impl.fingerprint.ConfigurationCacheFingerprint$GradleEnvironment.jvm","at":226,"sn":21}
2026-03-23T03:51:51.338-0300 [DEBUG] [org.gradle.configurationcache] {"profile":"build fingerprint","type":"O","frame":"java.lang.String","oid":"34a7d29b","hash":"-3a4861ac","at":227,"sn":22}
2026-03-23T03:51:51.338-0300 [DEBUG] [org.gradle.configurationcache] {"profile":"build fingerprint","type":"C","frame":"java.lang.String","oid":"34a7d29b","hash":"-3a4861ac","at":282,"sn":23}
2026-03-23T03:51:51.338-0300 [DEBUG] [org.gradle.configurationcache] {"profile":"build fingerprint","type":"C","frame":"org.gradle.internal.cc.impl.fingerprint.ConfigurationCacheFingerprint$GradleEnvironment.jvm","at":282,"sn":24}
2026-03-23T03:51:51.338-0300 [DEBUG] [org.gradle.configurationcache] {"profile":"build fingerprint","type":"O","frame":"org.gradle.internal.cc.impl.fingerprint.ConfigurationCacheFingerprint$GradleEnvironment.startParameterProperties","at":282,"sn":25}
2026-03-23T03:51:51.339-0300 [DEBUG] [org.gradle.configurationcache] {"profile":"build fingerprint","type":"O","frame":"java.util.LinkedHashMap","oid":"35192696","hash":"0","at":283,"sn":26}
2026-03-23T03:51:51.339-0300 [DEBUG] [org.gradle.configurationcache] {"profile":"build fingerprint","type":"C","frame":"java.util.LinkedHashMap","oid":"35192696","hash":"0","at":284,"sn":27}
2026-03-23T03:51:51.339-0300 [DEBUG] [org.gradle.configurationcache] {"profile":"build fingerprint","type":"C","frame":"org.gradle.internal.cc.impl.fingerprint.ConfigurationCacheFingerprint$GradleEnvironment.startParameterProperties","at":284,"sn":28}
2026-03-23T03:51:51.339-0300 [DEBUG] [org.gradle.configurationcache] {"profile":"build fingerprint","type":"C","frame":"org.gradle.internal.cc.impl.fingerprint.ConfigurationCacheFingerprint$GradleEnvironment","oid":"533277c9","hash":"-6a2782bf","at":284,"sn":29}
2026-03-23T03:51:51.339-0300 [DEBUG] [org.gradle.internal.operations.DefaultBuildOperationRunner] Build operation 'Load build' started
2026-03-23T03:51:51.340-0300 [DEBUG] [org.gradle.configurationcache] {"profile":"build fingerprint","type":"O","frame":"org.gradle.internal.cc.impl.fingerprint.ConfigurationCacheFingerprint$InputFile","oid":"2fe57ef5","hash":"-42114f6f","at":286,"sn":30}
2026-03-23T03:51:51.340-0300 [DEBUG] [org.gradle.configurationcache] {"profile":"build fingerprint","type":"O","frame":"org.gradle.internal.cc.impl.fingerprint.ConfigurationCacheFingerprint$InputFile.file","at":372,"sn":31}
2026-03-23T03:51:51.340-0300 [DEBUG] [org.gradle.configurationcache] {"profile":"build fingerprint","type":"O","frame":"java.io.File","oid":"6d5246ab","hash":"5d098c41","at":373,"sn":32}
2026-03-23T03:51:51.340-0300 [DEBUG] [org.gradle.configurationcache] {"profile":"build fingerprint","type":"C","frame":"java.io.File","oid":"6d5246ab","hash":"5d098c41","at":454,"sn":33}
2026-03-23T03:51:51.340-0300 [DEBUG] [org.gradle.configurationcache] {"profile":"build fingerprint","type":"C","frame":"org.gradle.internal.cc.impl.fingerprint.ConfigurationCacheFingerprint$InputFile.file","at":454,"sn":34}
2026-03-23T03:51:51.340-0300 [DEBUG] [org.gradle.configurationcache] {"profile":"build fingerprint","type":"O","frame":"org.gradle.internal.cc.impl.fingerprint.ConfigurationCacheFingerprint$InputFile.hash","at":454,"sn":35}
2026-03-23T03:51:51.340-0300 [DEBUG] [org.gradle.configurationcache] {"profile":"build fingerprint","type":"O","frame":"org.gradle.internal.hash.HashCode$HashCode128","oid":"5b004ac7","hash":"79c6b4b2","at":455,"sn":36}
2026-03-23T03:51:51.340-0300 [DEBUG] [org.gradle.configurationcache] {"profile":"build fingerprint","type":"C","frame":"org.gradle.internal.hash.HashCode$HashCode128","oid":"5b004ac7","hash":"79c6b4b2","at":472,"sn":37}
2026-03-23T03:51:51.340-0300 [DEBUG] [org.gradle.configurationcache] {"profile":"build fingerprint","type":"C","frame":"org.gradle.internal.cc.impl.fingerprint.ConfigurationCacheFingerprint$InputFile.hash","at":472,"sn":38}
2026-03-23T03:51:51.340-0300 [DEBUG] [org.gradle.configurationcache] {"profile":"build fingerprint","type":"C","frame":"org.gradle.internal.cc.impl.fingerprint.ConfigurationCacheFingerprint$InputFile","oid":"2fe57ef5","hash":"-42114f6f","at":472,"sn":39}
2026-03-23T03:51:51.341-0300 [DEBUG] [org.gradle.configurationcache] {"profile":"build fingerprint","type":"O","frame":"org.gradle.internal.cc.impl.fingerprint.ConfigurationCacheFingerprint$InputFile","oid":"2ebdde73","hash":"-7dec1b47","at":474,"sn":40}
2026-03-23T03:51:51.341-0300 [DEBUG] [org.gradle.configurationcache] {"profile":"build fingerprint","type":"O","frame":"org.gradle.internal.cc.impl.fingerprint.ConfigurationCacheFingerprint$InputFile.file","at":476,"sn":41}
2026-03-23T03:51:51.341-0300 [DEBUG] [org.gradle.configurationcache] {"profile":"build fingerprint","type":"O","frame":"java.io.File","oid":"2aab0f87","hash":"4942ae9d","at":477,"sn":42}
2026-03-23T03:51:51.341-0300 [DEBUG] [org.gradle.configurationcache] {"profile":"build fingerprint","type":"C","frame":"java.io.File","oid":"2aab0f87","hash":"4942ae9d","at":562,"sn":43}
2026-03-23T03:51:51.341-0300 [DEBUG] [org.gradle.configurationcache] {"profile":"build fingerprint","type":"C","frame":"org.gradle.internal.cc.impl.fingerprint.ConfigurationCacheFingerprint$InputFile.file","at":562,"sn":44}
2026-03-23T03:51:51.341-0300 [DEBUG] [org.gradle.configurationcache] {"profile":"build fingerprint","type":"O","frame":"org.gradle.internal.cc.impl.fingerprint.ConfigurationCacheFingerprint$InputFile.hash","at":562,"sn":45}
2026-03-23T03:51:51.341-0300 [DEBUG] [org.gradle.configurationcache] {"profile":"build fingerprint","type":"O","frame":"org.gradle.internal.hash.HashCode$HashCode128","oid":"55336367","hash":"-5cff404a","at":563,"sn":46}
2026-03-23T03:51:51.341-0300 [DEBUG] [org.gradle.configurationcache] {"profile":"build fingerprint","type":"C","frame":"org.gradle.internal.hash.HashCode$HashCode128","oid":"55336367","hash":"-5cff404a","at":580,"sn":47}
2026-03-23T03:51:51.341-0300 [DEBUG] [org.gradle.configurationcache] {"profile":"build fingerprint","type":"C","frame":"org.gradle.internal.cc.impl.fingerprint.ConfigurationCacheFingerprint$InputFile.hash","at":580,"sn":48}
2026-03-23T03:51:51.341-0300 [DEBUG] [org.gradle.configurationcache] {"profile":"build fingerprint","type":"C","frame":"org.gradle.internal.cc.impl.fingerprint.ConfigurationCacheFingerprint$InputFile","oid":"2ebdde73","hash":"-7dec1b47","at":580,"sn":49}
2026-03-23T03:51:51.341-0300 [DEBUG] [org.gradle.configurationcache] {"profile":"build fingerprint","type":"O","frame":"org.gradle.internal.cc.impl.fingerprint.ConfigurationCacheFingerprint$InputFile","oid":"cbc4d74","hash":"-3c201db2","at":582,"sn":50}
2026-03-23T03:51:51.342-0300 [DEBUG] [org.gradle.configurationcache] {"profile":"build fingerprint","type":"O","frame":"org.gradle.internal.cc.impl.fingerprint.ConfigurationCacheFingerprint$InputFile.file","at":584,"sn":51}
2026-03-23T03:51:51.342-0300 [DEBUG] [org.gradle.configurationcache] {"profile":"build fingerprint","type":"O","frame":"java.io.File","oid":"4cb254d6","hash":"657caee4","at":585,"sn":52}
2026-03-23T03:51:51.342-0300 [DEBUG] [org.gradle.configurationcache] {"profile":"build fingerprint","type":"C","frame":"java.io.File","oid":"4cb254d6","hash":"657caee4","at":701,"sn":53}
2026-03-23T03:51:51.342-0300 [DEBUG] [org.gradle.configurationcache] {"profile":"build fingerprint","type":"C","frame":"org.gradle.internal.cc.impl.fingerprint.ConfigurationCacheFingerprint$InputFile.file","at":701,"sn":54}
2026-03-23T03:51:51.342-0300 [DEBUG] [org.gradle.configurationcache] {"profile":"build fingerprint","type":"O","frame":"org.gradle.internal.cc.impl.fingerprint.ConfigurationCacheFingerprint$InputFile.hash","at":701,"sn":55}
2026-03-23T03:51:51.342-0300 [DEBUG] [org.gradle.configurationcache] {"profile":"build fingerprint","type":"O","frame":"org.gradle.internal.hash.HashCode$HashCode128","oid":"5b004ac7","hash":"79c6b4b2","at":702,"sn":56}
2026-03-23T03:51:51.342-0300 [DEBUG] [org.gradle.configurationcache] {"profile":"build fingerprint","type":"C","frame":"org.gradle.internal.hash.HashCode$HashCode128","oid":"5b004ac7","hash":"79c6b4b2","at":719,"sn":57}
2026-03-23T03:51:51.342-0300 [DEBUG] [org.gradle.configurationcache] {"profile":"build fingerprint","type":"C","frame":"org.gradle.internal.cc.impl.fingerprint.ConfigurationCacheFingerprint$InputFile.hash","at":719,"sn":58}
2026-03-23T03:51:51.342-0300 [DEBUG] [org.gradle.configurationcache] {"profile":"build fingerprint","type":"C","frame":"org.gradle.internal.cc.impl.fingerprint.ConfigurationCacheFingerprint$InputFile","oid":"cbc4d74","hash":"-3c201db2","at":719,"sn":59}
2026-03-23T03:51:51.342-0300 [DEBUG] [org.gradle.configurationcache] {"profile":"build fingerprint","type":"O","frame":"org.gradle.internal.cc.impl.fingerprint.ConfigurationCacheFingerprint$InputFile","oid":"3e97adf0","hash":"17bc588d","at":721,"sn":60}
2026-03-23T03:51:51.342-0300 [DEBUG] [org.gradle.configurationcache] {"profile":"build fingerprint","type":"O","frame":"org.gradle.internal.cc.impl.fingerprint.ConfigurationCacheFingerprint$InputFile.file","at":723,"sn":61}
2026-03-23T03:51:51.342-0300 [DEBUG] [org.gradle.configurationcache] {"profile":"build fingerprint","type":"O","frame":"java.io.File","oid":"7071d91e","hash":"2893aa89","at":724,"sn":62}
2026-03-23T03:51:51.342-0300 [DEBUG] [org.gradle.configurationcache] {"profile":"build fingerprint","type":"C","frame":"java.io.File","oid":"7071d91e","hash":"2893aa89","at":807,"sn":63}
2026-03-23T03:51:51.342-0300 [DEBUG] [org.gradle.configurationcache] {"profile":"build fingerprint","type":"C","frame":"org.gradle.internal.cc.impl.fingerprint.ConfigurationCacheFingerprint$InputFile.file","at":807,"sn":64}
2026-03-23T03:51:51.342-0300 [DEBUG] [org.gradle.configurationcache] {"profile":"build fingerprint","type":"O","frame":"org.gradle.internal.cc.impl.fingerprint.ConfigurationCacheFingerprint$InputFile.hash","at":807,"sn":65}
2026-03-23T03:51:51.342-0300 [DEBUG] [org.gradle.configurationcache] {"profile":"build fingerprint","type":"O","frame":"org.gradle.internal.hash.HashCode$HashCode128","oid":"1ec8fd89","hash":"2ddab1f6","at":808,"sn":66}
2026-03-23T03:51:51.342-0300 [DEBUG] [org.gradle.configurationcache] {"profile":"build fingerprint","type":"C","frame":"org.gradle.internal.hash.HashCode$HashCode128","oid":"1ec8fd89","hash":"2ddab1f6","at":825,"sn":67}
2026-03-23T03:51:51.342-0300 [DEBUG] [org.gradle.configurationcache] {"profile":"build fingerprint","type":"C","frame":"org.gradle.internal.cc.impl.fingerprint.ConfigurationCacheFingerprint$InputFile.hash","at":825,"sn":68}
2026-03-23T03:51:51.343-0300 [DEBUG] [org.gradle.configurationcache] {"profile":"build fingerprint","type":"C","frame":"org.gradle.internal.cc.impl.fingerprint.ConfigurationCacheFingerprint$InputFile","oid":"3e97adf0","hash":"17bc588d","at":825,"sn":69}
2026-03-23T03:51:51.343-0300 [DEBUG] [org.gradle.configurationcache] {"profile":"build fingerprint","type":"O","frame":"org.gradle.internal.cc.impl.fingerprint.ConfigurationCacheFingerprint$InputFile","oid":"40821e62","hash":"78c56cd0","at":827,"sn":70}
2026-03-23T03:51:51.343-0300 [DEBUG] [org.gradle.configurationcache] {"profile":"build fingerprint","type":"O","frame":"org.gradle.internal.cc.impl.fingerprint.ConfigurationCacheFingerprint$InputFile.file","at":829,"sn":71}
2026-03-23T03:51:51.343-0300 [DEBUG] [org.gradle.configurationcache] {"profile":"build fingerprint","type":"O","frame":"java.io.File","oid":"43f9d3af","hash":"-73a533de","at":830,"sn":72}
2026-03-23T03:51:51.343-0300 [DEBUG] [org.gradle.configurationcache] {"profile":"build fingerprint","type":"C","frame":"java.io.File","oid":"43f9d3af","hash":"-73a533de","at":876,"sn":73}
2026-03-23T03:51:51.343-0300 [DEBUG] [org.gradle.configurationcache] {"profile":"build fingerprint","type":"C","frame":"org.gradle.internal.cc.impl.fingerprint.ConfigurationCacheFingerprint$InputFile.file","at":876,"sn":74}
2026-03-23T03:51:51.343-0300 [DEBUG] [org.gradle.configurationcache] {"profile":"build fingerprint","type":"O","frame":"org.gradle.internal.cc.impl.fingerprint.ConfigurationCacheFingerprint$InputFile.hash","at":876,"sn":75}
2026-03-23T03:51:51.343-0300 [DEBUG] [org.gradle.configurationcache] {"profile":"build fingerprint","type":"O","frame":"org.gradle.internal.hash.HashCode$HashCode128","oid":"5b004ac7","hash":"79c6b4b2","at":877,"sn":76}
2026-03-23T03:51:51.343-0300 [DEBUG] [org.gradle.configurationcache] {"profile":"build fingerprint","type":"C","frame":"org.gradle.internal.hash.HashCode$HashCode128","oid":"5b004ac7","hash":"79c6b4b2","at":894,"sn":77}
2026-03-23T03:51:51.343-0300 [DEBUG] [org.gradle.configurationcache] {"profile":"build fingerprint","type":"C","frame":"org.gradle.internal.cc.impl.fingerprint.ConfigurationCacheFingerprint$InputFile.hash","at":894,"sn":78}
2026-03-23T03:51:51.343-0300 [DEBUG] [org.gradle.configurationcache] {"profile":"build fingerprint","type":"C","frame":"org.gradle.internal.cc.impl.fingerprint.ConfigurationCacheFingerprint$InputFile","oid":"40821e62","hash":"78c56cd0","at":894,"sn":79}
2026-03-23T03:51:51.344-0300 [DEBUG] [org.gradle.configurationcache] {"profile":"build fingerprint","type":"O","frame":"org.gradle.internal.cc.impl.fingerprint.ConfigurationCacheFingerprint$EnvironmentVariablesPrefixedBy","oid":"3d3e4be7","hash":"5d42565d","at":896,"sn":80}
2026-03-23T03:51:51.344-0300 [DEBUG] [org.gradle.configurationcache] {"profile":"build fingerprint","type":"O","frame":"org.gradle.internal.cc.impl.fingerprint.ConfigurationCacheFingerprint$EnvironmentVariablesPrefixedBy.prefix","at":1003,"sn":81}
2026-03-23T03:51:51.344-0300 [DEBUG] [org.gradle.configurationcache] {"profile":"build fingerprint","type":"O","frame":"java.lang.String","oid":"64c3dd7c","hash":"661aea03","at":1004,"sn":82}
2026-03-23T03:51:51.344-0300 [DEBUG] [org.gradle.configurationcache] {"profile":"build fingerprint","type":"C","frame":"java.lang.String","oid":"64c3dd7c","hash":"661aea03","at":1024,"sn":83}
2026-03-23T03:51:51.344-0300 [DEBUG] [org.gradle.configurationcache] {"profile":"build fingerprint","type":"C","frame":"org.gradle.internal.cc.impl.fingerprint.ConfigurationCacheFingerprint$EnvironmentVariablesPrefixedBy.prefix","at":1024,"sn":84}
2026-03-23T03:51:51.344-0300 [DEBUG] [org.gradle.configurationcache] {"profile":"build fingerprint","type":"O","frame":"org.gradle.internal.cc.impl.fingerprint.ConfigurationCacheFingerprint$EnvironmentVariablesPrefixedBy.snapshot","at":1024,"sn":85}
2026-03-23T03:51:51.344-0300 [DEBUG] [org.gradle.configurationcache] {"profile":"build fingerprint","type":"O","frame":"java.util.LinkedHashMap","oid":"3462be88","hash":"0","at":1025,"sn":86}
2026-03-23T03:51:51.344-0300 [DEBUG] [org.gradle.configurationcache] {"profile":"build fingerprint","type":"C","frame":"java.util.LinkedHashMap","oid":"3462be88","hash":"0","at":1026,"sn":87}
2026-03-23T03:51:51.344-0300 [DEBUG] [org.gradle.configurationcache] {"profile":"build fingerprint","type":"C","frame":"org.gradle.internal.cc.impl.fingerprint.ConfigurationCacheFingerprint$EnvironmentVariablesPrefixedBy.snapshot","at":1026,"sn":88}
2026-03-23T03:51:51.344-0300 [DEBUG] [org.gradle.configurationcache] {"profile":"build fingerprint","type":"C","frame":"org.gradle.internal.cc.impl.fingerprint.ConfigurationCacheFingerprint$EnvironmentVariablesPrefixedBy","oid":"3d3e4be7","hash":"5d42565d","at":1026,"sn":89}
2026-03-23T03:51:51.344-0300 [DEBUG] [org.gradle.initialization.properties.DefaultProjectPropertiesLoader] Found env project properties: []
2026-03-23T03:51:51.344-0300 [DEBUG] [org.gradle.configurationcache] {"profile":"build fingerprint","type":"O","frame":"org.gradle.internal.cc.impl.fingerprint.ConfigurationCacheFingerprint$SystemPropertiesPrefixedBy","oid":"398b7700","hash":"-331694b2","at":1028,"sn":90}
2026-03-23T03:51:51.345-0300 [DEBUG] [org.gradle.configurationcache] {"profile":"build fingerprint","type":"O","frame":"org.gradle.internal.cc.impl.fingerprint.ConfigurationCacheFingerprint$SystemPropertiesPrefixedBy.prefix","at":1131,"sn":91}
2026-03-23T03:51:51.345-0300 [DEBUG] [org.gradle.configurationcache] {"profile":"build fingerprint","type":"O","frame":"java.lang.String","oid":"762572a5","hash":"69b4f2f2","at":1132,"sn":92}
2026-03-23T03:51:51.345-0300 [DEBUG] [org.gradle.configurationcache] {"profile":"build fingerprint","type":"C","frame":"java.lang.String","oid":"762572a5","hash":"69b4f2f2","at":1152,"sn":93}
2026-03-23T03:51:51.345-0300 [DEBUG] [org.gradle.configurationcache] {"profile":"build fingerprint","type":"C","frame":"org.gradle.internal.cc.impl.fingerprint.ConfigurationCacheFingerprint$SystemPropertiesPrefixedBy.prefix","at":1152,"sn":94}
2026-03-23T03:51:51.345-0300 [DEBUG] [org.gradle.configurationcache] {"profile":"build fingerprint","type":"O","frame":"org.gradle.internal.cc.impl.fingerprint.ConfigurationCacheFingerprint$SystemPropertiesPrefixedBy.snapshot","at":1152,"sn":95}
2026-03-23T03:51:51.345-0300 [DEBUG] [org.gradle.configurationcache] {"profile":"build fingerprint","type":"O","frame":"java.util.LinkedHashMap","oid":"cf76920","hash":"0","at":1153,"sn":96}
2026-03-23T03:51:51.345-0300 [DEBUG] [org.gradle.configurationcache] {"profile":"build fingerprint","type":"C","frame":"java.util.LinkedHashMap","oid":"cf76920","hash":"0","at":1154,"sn":97}
2026-03-23T03:51:51.345-0300 [DEBUG] [org.gradle.configurationcache] {"profile":"build fingerprint","type":"C","frame":"org.gradle.internal.cc.impl.fingerprint.ConfigurationCacheFingerprint$SystemPropertiesPrefixedBy.snapshot","at":1154,"sn":98}
2026-03-23T03:51:51.345-0300 [DEBUG] [org.gradle.configurationcache] {"profile":"build fingerprint","type":"C","frame":"org.gradle.internal.cc.impl.fingerprint.ConfigurationCacheFingerprint$SystemPropertiesPrefixedBy","oid":"398b7700","hash":"-331694b2","at":1154,"sn":99}
2026-03-23T03:51:51.345-0300 [DEBUG] [org.gradle.initialization.properties.DefaultProjectPropertiesLoader] Found system project properties: []
2026-03-23T03:51:51.345-0300 [DEBUG] [org.gradle.initialization.DefaultSettingsLoader] Loading build definition for build: ':'
2026-03-23T03:51:51.345-0300 [DEBUG] [org.gradle.internal.operations.DefaultBuildOperationRunner] Build operation 'Evaluate settings' started
2026-03-23T03:51:51.347-0300 [INFO] [org.gradle.internal.buildevents.BuildLogger] Starting Build
2026-03-23T03:51:51.347-0300 [DEBUG] [org.gradle.internal.buildevents.BuildLogger] Gradle user home: /Users/lornacalvete/.gradle
2026-03-23T03:51:51.347-0300 [DEBUG] [org.gradle.internal.buildevents.BuildLogger] Current dir: /Users/lornacalvete/Documents/RealFitness-iOS/Real-fit-android
2026-03-23T03:51:51.347-0300 [DEBUG] [org.gradle.internal.buildevents.BuildLogger] Settings file: null
2026-03-23T03:51:51.347-0300 [DEBUG] [org.gradle.internal.buildevents.BuildLogger] Build file: null
2026-03-23T03:51:51.350-0300 [DEBUG] [org.gradle.internal.operations.DefaultBuildOperationRunner] Build operation 'Apply settings file 'settings.gradle.kts' to settings 'Real-fit-android'' started
2026-03-23T03:51:51.350-0300 [DEBUG] [org.gradle.kotlin.dsl.provider.KotlinScriptPlugin] Applying Kotlin script to settings 'Real-fit-android'
2026-03-23T03:51:51.365-0300 [DEBUG] [org.gradle.api.internal.runtimeshaded.RuntimeShadedJarFactory] Using Gradle runtime shaded JAR file: /Users/lornacalvete/.gradle/caches/8.13/generated-gradle-jars/gradle-api-8.13.jar
2026-03-23T03:51:51.366-0300 [DEBUG] [org.gradle.internal.operations.DefaultBuildOperationRunner] Build operation 'Identifying work' started
2026-03-23T03:51:51.367-0300 [DEBUG] [org.gradle.internal.operations.DefaultBuildOperationRunner] Completing Build operation 'Identifying work'
2026-03-23T03:51:51.367-0300 [DEBUG] [org.gradle.internal.operations.DefaultBuildOperationRunner] Build operation 'Identifying work' completed
2026-03-23T03:51:51.367-0300 [DEBUG] [org.gradle.internal.vfs.impl.AbstractVirtualFileSystem] Invalidating VFS paths: [/Users/lornacalvete/.gradle/caches/8.13/kotlin-dsl/scripts/8bc585426cf88438528aae897c962d82-496d21e3-e9b1-4c72-a34a-8ba1ef8fdc05]
2026-03-23T03:51:51.367-0300 [DEBUG] [org.gradle.internal.operations.DefaultBuildOperationRunner] Build operation 'Snapshot inputs and outputs before executing Kotlin DSL script compilation (Settings/TopLevel/stage1)' started
2026-03-23T03:51:51.367-0300 [DEBUG] [org.gradle.internal.execution.steps.AbstractCaptureStateBeforeExecutionStep] Implementation for Kotlin DSL script compilation (Settings/TopLevel/stage1): org.gradle.kotlin.dsl.provider.StandardKotlinScriptEvaluator$KotlinScriptCompilationAndInstrumentation@b9e972bb44477aad8c2e6e20bc352516
2026-03-23T03:51:51.367-0300 [DEBUG] [org.gradle.internal.execution.steps.AbstractCaptureStateBeforeExecutionStep] Additional implementations for Kotlin DSL script compilation (Settings/TopLevel/stage1): []
2026-03-23T03:51:51.368-0300 [DEBUG] [org.gradle.internal.operations.DefaultBuildOperationRunner] Completing Build operation 'Snapshot inputs and outputs before executing Kotlin DSL script compilation (Settings/TopLevel/stage1)'
2026-03-23T03:51:51.368-0300 [DEBUG] [org.gradle.internal.operations.DefaultBuildOperationRunner] Build operation 'Snapshot inputs and outputs before executing Kotlin DSL script compilation (Settings/TopLevel/stage1)' completed
2026-03-23T03:51:51.368-0300 [INFO] [org.gradle.internal.execution.steps.AbstractResolveCachingStateStep] Caching disabled for Kotlin DSL script compilation (Settings/TopLevel/stage1) because:
  Build cache is disabled
2026-03-23T03:51:51.368-0300 [DEBUG] [org.gradle.internal.vfs.impl.AbstractVirtualFileSystem] Invalidating VFS paths: [/Users/lornacalvete/.gradle/caches/8.13/kotlin-dsl/scripts/8bc585426cf88438528aae897c962d82-496d21e3-e9b1-4c72-a34a-8ba1ef8fdc05/instrumented/classes, /Users/lornacalvete/.gradle/caches/8.13/kotlin-dsl/scripts/8bc585426cf88438528aae897c962d82-496d21e3-e9b1-4c72-a34a-8ba1ef8fdc05/reports/gradle-intercepted-methods.report]
2026-03-23T03:51:51.368-0300 [DEBUG] [org.gradle.internal.execution.steps.PreCreateOutputParentsStep] Ensuring directory exists for property instrumentedOutput at /Users/lornacalvete/.gradle/caches/8.13/kotlin-dsl/scripts/8bc585426cf88438528aae897c962d82-496d21e3-e9b1-4c72-a34a-8ba1ef8fdc05/instrumented/classes
2026-03-23T03:51:51.369-0300 [DEBUG] [org.gradle.internal.execution.steps.PreCreateOutputParentsStep] Ensuring parent directory exists for property propertyUpgradeReportOutput at /Users/lornacalvete/.gradle/caches/8.13/kotlin-dsl/scripts/8bc585426cf88438528aae897c962d82-496d21e3-e9b1-4c72-a34a-8ba1ef8fdc05/reports/gradle-intercepted-methods.report
2026-03-23T03:51:51.369-0300 [DEBUG] [org.gradle.internal.operations.DefaultBuildOperationRunner] Build operation 'Executing Kotlin DSL script compilation (Settings/TopLevel/stage1)' started
2026-03-23T03:51:51.369-0300 [DEBUG] [org.gradle.kotlin.dsl.execution.Interpreter] Compiling Settings/TopLevel/stage1 from settings file '/Users/lornacalvete/Documents/RealFitness-iOS/Real-fit-android/settings.gradle.kts'
2026-03-23T03:51:51.371-0300 [DEBUG] [org.gradle.internal.operations.DefaultBuildOperationRunner] Build operation 'Compile script settings.gradle.kts (CLASSPATH)' started
2026-03-23T03:51:51.377-0300 [DEBUG] [org.gradle.internal.operations.DefaultBuildOperationRunner] Completing Build operation 'Compile script settings.gradle.kts (CLASSPATH)'
2026-03-23T03:51:51.377-0300 [DEBUG] [org.gradle.internal.operations.DefaultBuildOperationRunner] Build operation 'Compile script settings.gradle.kts (CLASSPATH)' completed
2026-03-23T03:51:51.377-0300 [DEBUG] [org.gradle.internal.operations.DefaultBuildOperationRunner] Completing Build operation 'Executing Kotlin DSL script compilation (Settings/TopLevel/stage1)'
2026-03-23T03:51:51.377-0300 [DEBUG] [org.gradle.internal.operations.DefaultBuildOperationRunner] Build operation 'Executing Kotlin DSL script compilation (Settings/TopLevel/stage1)' completed
2026-03-23T03:51:51.377-0300 [DEBUG] [org.gradle.internal.vfs.impl.AbstractVirtualFileSystem] Invalidating VFS paths: [/Users/lornacalvete/.gradle/caches/8.13/kotlin-dsl/scripts/8bc585426cf88438528aae897c962d82-496d21e3-e9b1-4c72-a34a-8ba1ef8fdc05/instrumented/classes, /Users/lornacalvete/.gradle/caches/8.13/kotlin-dsl/scripts/8bc585426cf88438528aae897c962d82-496d21e3-e9b1-4c72-a34a-8ba1ef8fdc05/reports/gradle-intercepted-methods.report]
2026-03-23T03:51:51.378-0300 [DEBUG] [org.gradle.internal.operations.DefaultBuildOperationRunner] Build operation 'Snapshot outputs after executing Kotlin DSL script compilation (Settings/TopLevel/stage1)' started
2026-03-23T03:51:51.380-0300 [DEBUG] [org.gradle.internal.operations.DefaultBuildOperationRunner] Completing Build operation 'Snapshot outputs after executing Kotlin DSL script compilation (Settings/TopLevel/stage1)'
2026-03-23T03:51:51.380-0300 [DEBUG] [org.gradle.internal.operations.DefaultBuildOperationRunner] Build operation 'Snapshot outputs after executing Kotlin DSL script compilation (Settings/TopLevel/stage1)' completed
2026-03-23T03:51:51.380-0300 [DEBUG] [org.gradle.internal.operations.DefaultBuildOperationRunner] Completing Build operation 'Apply settings file 'settings.gradle.kts' to settings 'Real-fit-android''
2026-03-23T03:51:51.380-0300 [DEBUG] [org.gradle.internal.operations.DefaultBuildOperationRunner] Build operation 'Apply settings file 'settings.gradle.kts' to settings 'Real-fit-android'' completed
2026-03-23T03:51:51.380-0300 [DEBUG] [org.gradle.internal.operations.DefaultBuildOperationRunner] Completing Build operation 'Evaluate settings'
2026-03-23T03:51:51.380-0300 [DEBUG] [org.gradle.internal.operations.DefaultBuildOperationRunner] Build operation 'Evaluate settings' completed
2026-03-23T03:51:51.380-0300 [DEBUG] [org.gradle.internal.operations.DefaultBuildOperationRunner] Completing Build operation 'Load build'
2026-03-23T03:51:51.380-0300 [DEBUG] [org.gradle.internal.operations.DefaultBuildOperationRunner] Build operation 'Load build' completed
2026-03-23T03:51:51.381-0300 [DEBUG] [org.gradle.configurationcache] {"profile":"build fingerprint","type":"O","frame":"org.gradle.internal.cc.impl.fingerprint.ConfigurationCacheFingerprint$MissingBuildSrcDir","oid":"20301e06","hash":"-41c7f697","at":1156,"sn":100}
2026-03-23T03:51:51.382-0300 [DEBUG] [org.gradle.configurationcache] {"profile":"build fingerprint","type":"O","frame":"org.gradle.internal.cc.impl.fingerprint.ConfigurationCacheFingerprint$MissingBuildSrcDir.buildSrcDir","at":1251,"sn":101}
2026-03-23T03:51:51.382-0300 [DEBUG] [org.gradle.configurationcache] {"profile":"build fingerprint","type":"O","frame":"java.io.File","oid":"65324e0b","hash":"-41c7f697","at":1252,"sn":102}
2026-03-23T03:51:51.382-0300 [DEBUG] [org.gradle.configurationcache] {"profile":"build fingerprint","type":"C","frame":"java.io.File","oid":"65324e0b","hash":"-41c7f697","at":1326,"sn":103}
2026-03-23T03:51:51.382-0300 [DEBUG] [org.gradle.configurationcache] {"profile":"build fingerprint","type":"C","frame":"org.gradle.internal.cc.impl.fingerprint.ConfigurationCacheFingerprint$MissingBuildSrcDir.buildSrcDir","at":1326,"sn":104}
2026-03-23T03:51:51.382-0300 [DEBUG] [org.gradle.configurationcache] {"profile":"build fingerprint","type":"C","frame":"org.gradle.internal.cc.impl.fingerprint.ConfigurationCacheFingerprint$MissingBuildSrcDir","oid":"20301e06","hash":"-41c7f697","at":1326,"sn":105}
2026-03-23T03:51:51.382-0300 [DEBUG] [org.gradle.internal.operations.DefaultBuildOperationRunner] Build operation 'Finish root build tree' started
2026-03-23T03:51:51.384-0300 [DEBUG] [org.gradle.internal.operations.DefaultBuildOperationRunner] Completing Build operation 'Finish root build tree'
2026-03-23T03:51:51.384-0300 [DEBUG] [org.gradle.internal.operations.DefaultBuildOperationRunner] Build operation 'Finish root build tree' completed
2026-03-23T03:51:51.387-0300 [ERROR] [org.gradle.internal.buildevents.BuildExceptionReporter] 
2026-03-23T03:51:51.387-0300 [ERROR] [org.gradle.internal.buildevents.BuildExceptionReporter] FAILURE: Build failed with an exception.
2026-03-23T03:51:51.387-0300 [ERROR] [org.gradle.internal.buildevents.BuildExceptionReporter] 
2026-03-23T03:51:51.387-0300 [ERROR] [org.gradle.internal.buildevents.BuildExceptionReporter] * What went wrong:
2026-03-23T03:51:51.387-0300 [ERROR] [org.gradle.internal.buildevents.BuildExceptionReporter] 25.0.1
2026-03-23T03:51:51.387-0300 [ERROR] [org.gradle.internal.buildevents.BuildExceptionReporter] 
2026-03-23T03:51:51.387-0300 [ERROR] [org.gradle.internal.buildevents.BuildExceptionReporter] * Try:
2026-03-23T03:51:51.387-0300 [ERROR] [org.gradle.internal.buildevents.BuildExceptionReporter] > Run with --scan to get full insights.
2026-03-23T03:51:51.387-0300 [ERROR] [org.gradle.internal.buildevents.BuildExceptionReporter] > Get more help at https://help.gradle.org.
2026-03-23T03:51:51.387-0300 [ERROR] [org.gradle.internal.buildevents.BuildExceptionReporter] 
2026-03-23T03:51:51.387-0300 [ERROR] [org.gradle.internal.buildevents.BuildExceptionReporter] * Exception is:
2026-03-23T03:51:51.387-0300 [ERROR] [org.gradle.internal.buildevents.BuildExceptionReporter] java.lang.IllegalArgumentException: 25.0.1
2026-03-23T03:51:51.387-0300 [ERROR] [org.gradle.internal.buildevents.BuildExceptionReporter] 	at org.jetbrains.kotlin.com.intellij.util.lang.JavaVersion.parse(JavaVersion.java:307)
2026-03-23T03:51:51.388-0300 [ERROR] [org.gradle.internal.buildevents.BuildExceptionReporter] 	at org.jetbrains.kotlin.com.intellij.util.lang.JavaVersion.current(JavaVersion.java:176)
2026-03-23T03:51:51.388-0300 [ERROR] [org.gradle.internal.buildevents.BuildExceptionReporter] 	at org.jetbrains.kotlin.cli.jvm.modules.JavaVersionUtilsKt.isAtLeastJava9(javaVersionUtils.kt:11)
2026-03-23T03:51:51.388-0300 [ERROR] [org.gradle.internal.buildevents.BuildExceptionReporter] 	at org.jetbrains.kotlin.cli.jvm.modules.CoreJrtFileSystem.globalJrtFsCache$lambda$2(CoreJrtFileSystem.kt:83)
2026-03-23T03:51:51.388-0300 [ERROR] [org.gradle.internal.buildevents.BuildExceptionReporter] 	at org.jetbrains.kotlin.cli.jvm.modules.CoreJrtFileSystem.globalJrtFsCache$lambda$3(CoreJrtFileSystem.kt:74)
2026-03-23T03:51:51.388-0300 [ERROR] [org.gradle.internal.buildevents.BuildExceptionReporter] 	at org.jetbrains.kotlin.com.intellij.util.containers.ConcurrentFactoryMap$2.create(ConcurrentFactoryMap.java:174)
2026-03-23T03:51:51.388-0300 [ERROR] [org.gradle.internal.buildevents.BuildExceptionReporter] 	at org.jetbrains.kotlin.com.intellij.util.containers.ConcurrentFactoryMap.get(ConcurrentFactoryMap.java:40)
2026-03-23T03:51:51.388-0300 [ERROR] [org.gradle.internal.buildevents.BuildExceptionReporter] 	at org.jetbrains.kotlin.cli.jvm.modules.CoreJrtFileSystem.roots$lambda$0(CoreJrtFileSystem.kt:34)
2026-03-23T03:51:51.388-0300 [ERROR] [org.gradle.internal.buildevents.BuildExceptionReporter] 	at org.jetbrains.kotlin.cli.jvm.modules.CoreJrtFileSystem.roots$lambda$1(CoreJrtFileSystem.kt:33)
2026-03-23T03:51:51.388-0300 [ERROR] [org.gradle.internal.buildevents.BuildExceptionReporter] 	at org.jetbrains.kotlin.com.intellij.util.containers.ConcurrentFactoryMap$2.create(ConcurrentFactoryMap.java:174)
2026-03-23T03:51:51.388-0300 [ERROR] [org.gradle.internal.buildevents.BuildExceptionReporter] 	at org.jetbrains.kotlin.com.intellij.util.containers.ConcurrentFactoryMap.get(ConcurrentFactoryMap.java:40)
2026-03-23T03:51:51.388-0300 [ERROR] [org.gradle.internal.buildevents.BuildExceptionReporter] 	at org.jetbrains.kotlin.cli.jvm.modules.CoreJrtFileSystem.findFileByPath(CoreJrtFileSystem.kt:42)
2026-03-23T03:51:51.388-0300 [ERROR] [org.gradle.internal.buildevents.BuildExceptionReporter] 	at org.jetbrains.kotlin.cli.jvm.modules.CliJavaModuleFinder.<init>(CliJavaModuleFinder.kt:44)
2026-03-23T03:51:51.388-0300 [ERROR] [org.gradle.internal.buildevents.BuildExceptionReporter] 	at org.jetbrains.kotlin.cli.jvm.compiler.KotlinCoreEnvironment.<init>(KotlinCoreEnvironment.kt:243)
2026-03-23T03:51:51.388-0300 [ERROR] [org.gradle.internal.buildevents.BuildExceptionReporter] 	at org.jetbrains.kotlin.cli.jvm.compiler.KotlinCoreEnvironment.<init>(KotlinCoreEnvironment.kt)
2026-03-23T03:51:51.388-0300 [ERROR] [org.gradle.internal.buildevents.BuildExceptionReporter] 	at org.jetbrains.kotlin.cli.jvm.compiler.KotlinCoreEnvironment$Companion.createForProduction(KotlinCoreEnvironment.kt:468)
2026-03-23T03:51:51.388-0300 [ERROR] [org.gradle.internal.buildevents.BuildExceptionReporter] 	at org.gradle.kotlin.dsl.support.KotlinCompilerKt$kotlinCoreEnvironmentFor$1.create(KotlinCompiler.kt:514)
2026-03-23T03:51:51.388-0300 [ERROR] [org.gradle.internal.buildevents.BuildExceptionReporter] 	at org.gradle.kotlin.dsl.support.KotlinCompilerKt$kotlinCoreEnvironmentFor$1.create(KotlinCompiler.kt:510)
2026-03-23T03:51:51.388-0300 [ERROR] [org.gradle.internal.buildevents.BuildExceptionReporter] 	at org.gradle.internal.SystemProperties.withSystemProperty(SystemProperties.java:123)
2026-03-23T03:51:51.388-0300 [ERROR] [org.gradle.internal.buildevents.BuildExceptionReporter] 	at org.gradle.kotlin.dsl.support.KotlinCompilerKt.kotlinCoreEnvironmentFor(KotlinCompiler.kt:510)
2026-03-23T03:51:51.388-0300 [ERROR] [org.gradle.internal.buildevents.BuildExceptionReporter] 	at org.gradle.kotlin.dsl.support.KotlinCompilerKt.compileKotlinScriptModuleTo(KotlinCompiler.kt:231)
2026-03-23T03:51:51.388-0300 [ERROR] [org.gradle.internal.buildevents.BuildExceptionReporter] 	at org.gradle.kotlin.dsl.support.KotlinCompilerKt.compileKotlinScriptToDirectory(KotlinCompiler.kt:198)
2026-03-23T03:51:51.388-0300 [ERROR] [org.gradle.internal.buildevents.BuildExceptionReporter] 	at org.gradle.kotlin.dsl.execution.ResidualProgramCompiler$compileScript$1.invoke(ResidualProgramCompiler.kt:713)
2026-03-23T03:51:51.388-0300 [ERROR] [org.gradle.internal.buildevents.BuildExceptionReporter] 	at org.gradle.kotlin.dsl.execution.ResidualProgramCompiler$compileScript$1.invoke(ResidualProgramCompiler.kt:712)
2026-03-23T03:51:51.388-0300 [ERROR] [org.gradle.internal.buildevents.BuildExceptionReporter] 	at org.gradle.kotlin.dsl.provider.StandardKotlinScriptEvaluator$InterpreterHost$runCompileBuildOperation$1.call(KotlinScriptEvaluator.kt:209)
2026-03-23T03:51:51.389-0300 [ERROR] [org.gradle.internal.buildevents.BuildExceptionReporter] 	at org.gradle.kotlin.dsl.provider.StandardKotlinScriptEvaluator$InterpreterHost$runCompileBuildOperation$1.call(KotlinScriptEvaluator.kt:206)
2026-03-23T03:51:51.389-0300 [ERROR] [org.gradle.internal.buildevents.BuildExceptionReporter] 	at org.gradle.internal.operations.DefaultBuildOperationRunner$CallableBuildOperationWorker.execute(DefaultBuildOperationRunner.java:210)
2026-03-23T03:51:51.389-0300 [ERROR] [org.gradle.internal.buildevents.BuildExceptionReporter] 	at org.gradle.internal.operations.DefaultBuildOperationRunner$CallableBuildOperationWorker.execute(DefaultBuildOperationRunner.java:205)
2026-03-23T03:51:51.389-0300 [ERROR] [org.gradle.internal.buildevents.BuildExceptionReporter] 	at org.gradle.internal.operations.DefaultBuildOperationRunner$2.execute(DefaultBuildOperationRunner.java:67)
2026-03-23T03:51:51.389-0300 [ERROR] [org.gradle.internal.buildevents.BuildExceptionReporter] 	at org.gradle.internal.operations.DefaultBuildOperationRunner$2.execute(DefaultBuildOperationRunner.java:60)
2026-03-23T03:51:51.389-0300 [ERROR] [org.gradle.internal.buildevents.BuildExceptionReporter] 	at org.gradle.internal.operations.DefaultBuildOperationRunner.execute(DefaultBuildOperationRunner.java:167)
2026-03-23T03:51:51.389-0300 [ERROR] [org.gradle.internal.buildevents.BuildExceptionReporter] 	at org.gradle.internal.operations.DefaultBuildOperationRunner.execute(DefaultBuildOperationRunner.java:60)
2026-03-23T03:51:51.389-0300 [ERROR] [org.gradle.internal.buildevents.BuildExceptionReporter] 	at org.gradle.internal.operations.DefaultBuildOperationRunner.call(DefaultBuildOperationRunner.java:54)
2026-03-23T03:51:51.389-0300 [ERROR] [org.gradle.internal.buildevents.BuildExceptionReporter] 	at org.gradle.kotlin.dsl.provider.StandardKotlinScriptEvaluator$InterpreterHost.runCompileBuildOperation(KotlinScriptEvaluator.kt:206)
2026-03-23T03:51:51.389-0300 [ERROR] [org.gradle.internal.buildevents.BuildExceptionReporter] 	at org.gradle.kotlin.dsl.execution.Interpreter$compile$1$1$1$1.invoke(Interpreter.kt:334)
2026-03-23T03:51:51.389-0300 [ERROR] [org.gradle.internal.buildevents.BuildExceptionReporter] 	at org.gradle.kotlin.dsl.execution.Interpreter$compile$1$1$1$1.invoke(Interpreter.kt:334)
2026-03-23T03:51:51.389-0300 [ERROR] [org.gradle.internal.buildevents.BuildExceptionReporter] 	at org.gradle.kotlin.dsl.execution.ResidualProgramCompiler.compileScript-C5AE47M(ResidualProgramCompiler.kt:712)
2026-03-23T03:51:51.389-0300 [ERROR] [org.gradle.internal.buildevents.BuildExceptionReporter] 	at org.gradle.kotlin.dsl.execution.ResidualProgramCompiler.compileStage1-EfyMToc(ResidualProgramCompiler.kt:695)
2026-03-23T03:51:51.389-0300 [ERROR] [org.gradle.internal.buildevents.BuildExceptionReporter] 	at org.gradle.kotlin.dsl.execution.ResidualProgramCompiler.emitStage1Sequence(ResidualProgramCompiler.kt:247)
2026-03-23T03:51:51.389-0300 [ERROR] [org.gradle.internal.buildevents.BuildExceptionReporter] 	at org.gradle.kotlin.dsl.execution.ResidualProgramCompiler.emitStage1Sequence(ResidualProgramCompiler.kt:238)
2026-03-23T03:51:51.389-0300 [ERROR] [org.gradle.internal.buildevents.BuildExceptionReporter] 	at org.gradle.kotlin.dsl.execution.ResidualProgramCompiler.emit(ResidualProgramCompiler.kt:198)
2026-03-23T03:51:51.390-0300 [ERROR] [org.gradle.internal.buildevents.BuildExceptionReporter] 	at org.gradle.kotlin.dsl.execution.ResidualProgramCompiler.emit(ResidualProgramCompiler.kt:182)
2026-03-23T03:51:51.390-0300 [ERROR] [org.gradle.internal.buildevents.BuildExceptionReporter] 	at org.gradle.kotlin.dsl.execution.ResidualProgramCompiler.access$emit(ResidualProgramCompiler.kt:83)
2026-03-23T03:51:51.390-0300 [ERROR] [org.gradle.internal.buildevents.BuildExceptionReporter] 	at org.gradle.kotlin.dsl.execution.ResidualProgramCompiler$emitDynamicProgram$1$1.invoke(ResidualProgramCompiler.kt:123)
2026-03-23T03:51:51.390-0300 [ERROR] [org.gradle.internal.buildevents.BuildExceptionReporter] 	at org.gradle.kotlin.dsl.execution.ResidualProgramCompiler$emitDynamicProgram$1$1.invoke(ResidualProgramCompiler.kt:121)
2026-03-23T03:51:51.390-0300 [ERROR] [org.gradle.internal.buildevents.BuildExceptionReporter] 	at org.gradle.kotlin.dsl.execution.ResidualProgramCompiler$overrideExecute$1.invoke(ResidualProgramCompiler.kt:548)
2026-03-23T03:51:51.390-0300 [ERROR] [org.gradle.internal.buildevents.BuildExceptionReporter] 	at org.gradle.kotlin.dsl.execution.ResidualProgramCompiler$overrideExecute$1.invoke(ResidualProgramCompiler.kt:547)
2026-03-23T03:51:51.390-0300 [ERROR] [org.gradle.internal.buildevents.BuildExceptionReporter] 	at org.gradle.kotlin.dsl.support.bytecode.AsmExtensionsKt.method(AsmExtensions.kt:133)
2026-03-23T03:51:51.390-0300 [ERROR] [org.gradle.internal.buildevents.BuildExceptionReporter] 	at org.gradle.kotlin.dsl.support.bytecode.AsmExtensionsKt.publicMethod(AsmExtensions.kt:116)
2026-03-23T03:51:51.390-0300 [ERROR] [org.gradle.internal.buildevents.BuildExceptionReporter] 	at org.gradle.kotlin.dsl.support.bytecode.AsmExtensionsKt.publicMethod$default(AsmExtensions.kt:108)
2026-03-23T03:51:51.390-0300 [ERROR] [org.gradle.internal.buildevents.BuildExceptionReporter] 	at org.gradle.kotlin.dsl.execution.ResidualProgramCompiler.overrideExecute(ResidualProgramCompiler.kt:547)
2026-03-23T03:51:51.390-0300 [ERROR] [org.gradle.internal.buildevents.BuildExceptionReporter] 	at org.gradle.kotlin.dsl.execution.ResidualProgramCompiler.access$overrideExecute(ResidualProgramCompiler.kt:83)
2026-03-23T03:51:51.390-0300 [ERROR] [org.gradle.internal.buildevents.BuildExceptionReporter] 	at org.gradle.kotlin.dsl.execution.ResidualProgramCompiler$emitDynamicProgram$1.invoke(ResidualProgramCompiler.kt:121)
2026-03-23T03:51:51.390-0300 [ERROR] [org.gradle.internal.buildevents.BuildExceptionReporter] 	at org.gradle.kotlin.dsl.execution.ResidualProgramCompiler$emitDynamicProgram$1.invoke(ResidualProgramCompiler.kt:119)
2026-03-23T03:51:51.390-0300 [ERROR] [org.gradle.internal.buildevents.BuildExceptionReporter] 	at org.gradle.kotlin.dsl.execution.ResidualProgramCompiler$program$3.invoke(ResidualProgramCompiler.kt:673)
2026-03-23T03:51:51.390-0300 [ERROR] [org.gradle.internal.buildevents.BuildExceptionReporter] 	at org.gradle.kotlin.dsl.execution.ResidualProgramCompiler$program$3.invoke(ResidualProgramCompiler.kt:671)
2026-03-23T03:51:51.390-0300 [ERROR] [org.gradle.internal.buildevents.BuildExceptionReporter] 	at org.gradle.kotlin.dsl.support.bytecode.AsmExtensionsKt.publicClass-7y5yvvE(AsmExtensions.kt:41)
2026-03-23T03:51:51.390-0300 [ERROR] [org.gradle.internal.buildevents.BuildExceptionReporter] 	at org.gradle.kotlin.dsl.execution.ResidualProgramCompiler.program-5oOsWEo(ResidualProgramCompiler.kt:671)
2026-03-23T03:51:51.390-0300 [ERROR] [org.gradle.internal.buildevents.BuildExceptionReporter] 	at org.gradle.kotlin.dsl.execution.ResidualProgramCompiler.access$program-5oOsWEo(ResidualProgramCompiler.kt:83)
2026-03-23T03:51:51.390-0300 [ERROR] [org.gradle.internal.buildevents.BuildExceptionReporter] 	at org.gradle.kotlin.dsl.execution.ResidualProgramCompiler.emitDynamicProgram(ResidualProgramCompiler.kt:798)
2026-03-23T03:51:51.390-0300 [ERROR] [org.gradle.internal.buildevents.BuildExceptionReporter] 	at org.gradle.kotlin.dsl.execution.ResidualProgramCompiler.compile(ResidualProgramCompiler.kt:102)
2026-03-23T03:51:51.390-0300 [ERROR] [org.gradle.internal.buildevents.BuildExceptionReporter] 	at org.gradle.kotlin.dsl.execution.Interpreter$compile$1.invoke(Interpreter.kt:337)
2026-03-23T03:51:51.390-0300 [ERROR] [org.gradle.internal.buildevents.BuildExceptionReporter] 	at org.gradle.kotlin.dsl.execution.Interpreter$compile$1.invoke(Interpreter.kt:301)
2026-03-23T03:51:51.391-0300 [ERROR] [org.gradle.internal.buildevents.BuildExceptionReporter] 	at org.gradle.kotlin.dsl.provider.StandardKotlinScriptEvaluator$KotlinScriptCompilationAndInstrumentation.compile(KotlinScriptEvaluator.kt:440)
2026-03-23T03:51:51.391-0300 [ERROR] [org.gradle.internal.buildevents.BuildExceptionReporter] 	at org.gradle.internal.scripts.BuildScriptCompilationAndInstrumentation.execute(BuildScriptCompilationAndInstrumentation.java:136)
2026-03-23T03:51:51.391-0300 [ERROR] [org.gradle.internal.buildevents.BuildExceptionReporter] 	at org.gradle.internal.execution.steps.ExecuteStep.executeInternal(ExecuteStep.java:105)
2026-03-23T03:51:51.391-0300 [ERROR] [org.gradle.internal.buildevents.BuildExceptionReporter] 	at org.gradle.internal.execution.steps.ExecuteStep.access$000(ExecuteStep.java:44)
2026-03-23T03:51:51.391-0300 [ERROR] [org.gradle.internal.buildevents.BuildExceptionReporter] 	at org.gradle.internal.execution.steps.ExecuteStep$1.call(ExecuteStep.java:59)
2026-03-23T03:51:51.391-0300 [ERROR] [org.gradle.internal.buildevents.BuildExceptionReporter] 	at org.gradle.internal.execution.steps.ExecuteStep$1.call(ExecuteStep.java:56)
2026-03-23T03:51:51.391-0300 [ERROR] [org.gradle.internal.buildevents.BuildExceptionReporter] 	at org.gradle.internal.operations.DefaultBuildOperationRunner$CallableBuildOperationWorker.execute(DefaultBuildOperationRunner.java:210)
2026-03-23T03:51:51.391-0300 [ERROR] [org.gradle.internal.buildevents.BuildExceptionReporter] 	at org.gradle.internal.operations.DefaultBuildOperationRunner$CallableBuildOperationWorker.execute(DefaultBuildOperationRunner.java:205)
2026-03-23T03:51:51.391-0300 [ERROR] [org.gradle.internal.buildevents.BuildExceptionReporter] 	at org.gradle.internal.operations.DefaultBuildOperationRunner$2.execute(DefaultBuildOperationRunner.java:67)
2026-03-23T03:51:51.391-0300 [ERROR] [org.gradle.internal.buildevents.BuildExceptionReporter] 	at org.gradle.internal.operations.DefaultBuildOperationRunner$2.execute(DefaultBuildOperationRunner.java:60)
2026-03-23T03:51:51.391-0300 [ERROR] [org.gradle.internal.buildevents.BuildExceptionReporter] 	at org.gradle.internal.operations.DefaultBuildOperationRunner.execute(DefaultBuildOperationRunner.java:167)
2026-03-23T03:51:51.391-0300 [ERROR] [org.gradle.internal.buildevents.BuildExceptionReporter] 	at org.gradle.internal.operations.DefaultBuildOperationRunner.execute(DefaultBuildOperationRunner.java:60)
2026-03-23T03:51:51.391-0300 [ERROR] [org.gradle.internal.buildevents.BuildExceptionReporter] 	at org.gradle.internal.operations.DefaultBuildOperationRunner.call(DefaultBuildOperationRunner.java:54)
2026-03-23T03:51:51.391-0300 [ERROR] [org.gradle.internal.buildevents.BuildExceptionReporter] 	at org.gradle.internal.execution.steps.ExecuteStep.execute(ExecuteStep.java:56)
2026-03-23T03:51:51.391-0300 [ERROR] [org.gradle.internal.buildevents.BuildExceptionReporter] 	at org.gradle.internal.execution.steps.ExecuteStep.execute(ExecuteStep.java:44)
2026-03-23T03:51:51.391-0300 [ERROR] [org.gradle.internal.buildevents.BuildExceptionReporter] 	at org.gradle.internal.execution.steps.CancelExecutionStep.execute(CancelExecutionStep.java:42)
2026-03-23T03:51:51.391-0300 [ERROR] [org.gradle.internal.buildevents.BuildExceptionReporter] 	at org.gradle.internal.execution.steps.TimeoutStep.executeWithoutTimeout(TimeoutStep.java:75)
2026-03-23T03:51:51.391-0300 [ERROR] [org.gradle.internal.buildevents.BuildExceptionReporter] 	at org.gradle.internal.execution.steps.TimeoutStep.execute(TimeoutStep.java:55)
2026-03-23T03:51:51.391-0300 [ERROR] [org.gradle.internal.buildevents.BuildExceptionReporter] 	at org.gradle.internal.execution.steps.PreCreateOutputParentsStep.execute(PreCreateOutputParentsStep.java:50)
2026-03-23T03:51:51.391-0300 [ERROR] [org.gradle.internal.buildevents.BuildExceptionReporter] 	at org.gradle.internal.execution.steps.PreCreateOutputParentsStep.execute(PreCreateOutputParentsStep.java:28)
2026-03-23T03:51:51.391-0300 [ERROR] [org.gradle.internal.buildevents.BuildExceptionReporter] 	at org.gradle.internal.execution.steps.BroadcastChangingOutputsStep.execute(BroadcastChangingOutputsStep.java:61)
2026-03-23T03:51:51.392-0300 [ERROR] [org.gradle.internal.buildevents.BuildExceptionReporter] 	at org.gradle.internal.execution.steps.BroadcastChangingOutputsStep.execute(BroadcastChangingOutputsStep.java:26)
2026-03-23T03:51:51.392-0300 [ERROR] [org.gradle.internal.buildevents.BuildExceptionReporter] 	at org.gradle.internal.execution.steps.NoInputChangesStep.execute(NoInputChangesStep.java:30)
2026-03-23T03:51:51.392-0300 [ERROR] [org.gradle.internal.buildevents.BuildExceptionReporter] 	at org.gradle.internal.execution.steps.NoInputChangesStep.execute(NoInputChangesStep.java:21)
2026-03-23T03:51:51.392-0300 [ERROR] [org.gradle.internal.buildevents.BuildExceptionReporter] 	at org.gradle.internal.execution.steps.CaptureOutputsAfterExecutionStep.execute(CaptureOutputsAfterExecutionStep.java:69)
2026-03-23T03:51:51.392-0300 [ERROR] [org.gradle.internal.buildevents.BuildExceptionReporter] 	at org.gradle.internal.execution.steps.CaptureOutputsAfterExecutionStep.execute(CaptureOutputsAfterExecutionStep.java:46)
2026-03-23T03:51:51.392-0300 [ERROR] [org.gradle.internal.buildevents.BuildExceptionReporter] 	at org.gradle.internal.execution.steps.BuildCacheStep.executeWithoutCache(BuildCacheStep.java:189)
2026-03-23T03:51:51.392-0300 [ERROR] [org.gradle.internal.buildevents.BuildExceptionReporter] 	at org.gradle.internal.execution.steps.BuildCacheStep.lambda$execute$1(BuildCacheStep.java:75)
2026-03-23T03:51:51.392-0300 [ERROR] [org.gradle.internal.buildevents.BuildExceptionReporter] 	at org.gradle.internal.Either$Right.fold(Either.java:175)
2026-03-23T03:51:51.392-0300 [ERROR] [org.gradle.internal.buildevents.BuildExceptionReporter] 	at org.gradle.internal.execution.caching.CachingState.fold(CachingState.java:62)
2026-03-23T03:51:51.392-0300 [ERROR] [org.gradle.internal.buildevents.BuildExceptionReporter] 	at org.gradle.internal.execution.steps.BuildCacheStep.execute(BuildCacheStep.java:73)
2026-03-23T03:51:51.392-0300 [ERROR] [org.gradle.internal.buildevents.BuildExceptionReporter] 	at org.gradle.internal.execution.steps.BuildCacheStep.execute(BuildCacheStep.java:48)
2026-03-23T03:51:51.392-0300 [ERROR] [org.gradle.internal.buildevents.BuildExceptionReporter] 	at org.gradle.internal.execution.steps.NeverUpToDateStep.execute(NeverUpToDateStep.java:34)
2026-03-23T03:51:51.392-0300 [ERROR] [org.gradle.internal.buildevents.BuildExceptionReporter] 	at org.gradle.internal.execution.steps.NeverUpToDateStep.execute(NeverUpToDateStep.java:22)
2026-03-23T03:51:51.392-0300 [ERROR] [org.gradle.internal.buildevents.BuildExceptionReporter] 	at org.gradle.internal.execution.steps.legacy.MarkSnapshottingInputsFinishedStep.execute(MarkSnapshottingInputsFinishedStep.java:37)
2026-03-23T03:51:51.392-0300 [ERROR] [org.gradle.internal.buildevents.BuildExceptionReporter] 	at org.gradle.internal.execution.steps.legacy.MarkSnapshottingInputsFinishedStep.execute(MarkSnapshottingInputsFinishedStep.java:27)
2026-03-23T03:51:51.392-0300 [ERROR] [org.gradle.internal.buildevents.BuildExceptionReporter] 	at org.gradle.internal.execution.steps.ResolveNonIncrementalCachingStateStep.executeDelegate(ResolveNonIncrementalCachingStateStep.java:50)
2026-03-23T03:51:51.392-0300 [ERROR] [org.gradle.internal.buildevents.BuildExceptionReporter] 	at org.gradle.internal.execution.steps.AbstractResolveCachingStateStep.execute(AbstractResolveCachingStateStep.java:71)
2026-03-23T03:51:51.392-0300 [ERROR] [org.gradle.internal.buildevents.BuildExceptionReporter] 	at org.gradle.internal.execution.steps.AbstractResolveCachingStateStep.execute(AbstractResolveCachingStateStep.java:39)
2026-03-23T03:51:51.392-0300 [ERROR] [org.gradle.internal.buildevents.BuildExceptionReporter] 	at org.gradle.internal.execution.steps.ValidateStep.execute(ValidateStep.java:107)
2026-03-23T03:51:51.392-0300 [ERROR] [org.gradle.internal.buildevents.BuildExceptionReporter] 	at org.gradle.internal.execution.steps.ValidateStep.execute(ValidateStep.java:56)
2026-03-23T03:51:51.392-0300 [ERROR] [org.gradle.internal.buildevents.BuildExceptionReporter] 	at org.gradle.internal.execution.steps.AbstractCaptureStateBeforeExecutionStep.execute(AbstractCaptureStateBeforeExecutionStep.java:64)
2026-03-23T03:51:51.392-0300 [ERROR] [org.gradle.internal.buildevents.BuildExceptionReporter] 	at org.gradle.internal.execution.steps.AbstractCaptureStateBeforeExecutionStep.execute(AbstractCaptureStateBeforeExecutionStep.java:43)
2026-03-23T03:51:51.392-0300 [ERROR] [org.gradle.internal.buildevents.BuildExceptionReporter] 	at org.gradle.internal.execution.steps.legacy.MarkSnapshottingInputsStartedStep.execute(MarkSnapshottingInputsStartedStep.java:38)
2026-03-23T03:51:51.392-0300 [ERROR] [org.gradle.internal.buildevents.BuildExceptionReporter] 	at org.gradle.internal.execution.steps.AssignImmutableWorkspaceStep.lambda$executeInTemporaryWorkspace$3(AssignImmutableWorkspaceStep.java:209)
2026-03-23T03:51:51.392-0300 [ERROR] [org.gradle.internal.buildevents.BuildExceptionReporter] 	at org.gradle.internal.execution.workspace.impl.CacheBasedImmutableWorkspaceProvider$1.withTemporaryWorkspace(CacheBasedImmutableWorkspaceProvider.java:116)
2026-03-23T03:51:51.392-0300 [ERROR] [org.gradle.internal.buildevents.BuildExceptionReporter] 	at org.gradle.internal.execution.steps.AssignImmutableWorkspaceStep.executeInTemporaryWorkspace(AssignImmutableWorkspaceStep.java:199)
2026-03-23T03:51:51.392-0300 [ERROR] [org.gradle.internal.buildevents.BuildExceptionReporter] 	at org.gradle.internal.execution.steps.AssignImmutableWorkspaceStep.lambda$execute$0(AssignImmutableWorkspaceStep.java:121)
2026-03-23T03:51:51.392-0300 [ERROR] [org.gradle.internal.buildevents.BuildExceptionReporter] 	at org.gradle.internal.execution.steps.AssignImmutableWorkspaceStep.execute(AssignImmutableWorkspaceStep.java:121)
2026-03-23T03:51:51.393-0300 [ERROR] [org.gradle.internal.buildevents.BuildExceptionReporter] 	at org.gradle.internal.execution.steps.AssignImmutableWorkspaceStep.execute(AssignImmutableWorkspaceStep.java:90)
2026-03-23T03:51:51.393-0300 [ERROR] [org.gradle.internal.buildevents.BuildExceptionReporter] 	at org.gradle.internal.execution.steps.ChoosePipelineStep.execute(ChoosePipelineStep.java:38)
2026-03-23T03:51:51.393-0300 [ERROR] [org.gradle.internal.buildevents.BuildExceptionReporter] 	at org.gradle.internal.execution.steps.ChoosePipelineStep.execute(ChoosePipelineStep.java:23)
2026-03-23T03:51:51.393-0300 [ERROR] [org.gradle.internal.buildevents.BuildExceptionReporter] 	at org.gradle.internal.execution.steps.ExecuteWorkBuildOperationFiringStep.lambda$execute$2(ExecuteWorkBuildOperationFiringStep.java:67)
2026-03-23T03:51:51.393-0300 [ERROR] [org.gradle.internal.buildevents.BuildExceptionReporter] 	at org.gradle.internal.execution.steps.ExecuteWorkBuildOperationFiringStep.execute(ExecuteWorkBuildOperationFiringStep.java:67)
2026-03-23T03:51:51.393-0300 [ERROR] [org.gradle.internal.buildevents.BuildExceptionReporter] 	at org.gradle.internal.execution.steps.ExecuteWorkBuildOperationFiringStep.execute(ExecuteWorkBuildOperationFiringStep.java:39)
2026-03-23T03:51:51.393-0300 [ERROR] [org.gradle.internal.buildevents.BuildExceptionReporter] 	at org.gradle.internal.execution.steps.IdentityCacheStep.execute(IdentityCacheStep.java:46)
2026-03-23T03:51:51.393-0300 [ERROR] [org.gradle.internal.buildevents.BuildExceptionReporter] 	at org.gradle.internal.execution.steps.IdentityCacheStep.execute(IdentityCacheStep.java:34)
2026-03-23T03:51:51.393-0300 [ERROR] [org.gradle.internal.buildevents.BuildExceptionReporter] 	at org.gradle.internal.execution.steps.IdentifyStep.execute(IdentifyStep.java:48)
2026-03-23T03:51:51.393-0300 [ERROR] [org.gradle.internal.buildevents.BuildExceptionReporter] 	at org.gradle.internal.execution.steps.IdentifyStep.execute(IdentifyStep.java:35)
2026-03-23T03:51:51.393-0300 [ERROR] [org.gradle.internal.buildevents.BuildExceptionReporter] 	at org.gradle.internal.execution.impl.DefaultExecutionEngine$1.execute(DefaultExecutionEngine.java:61)
2026-03-23T03:51:51.393-0300 [ERROR] [org.gradle.internal.buildevents.BuildExceptionReporter] 	at org.gradle.kotlin.dsl.provider.StandardKotlinScriptEvaluator$InterpreterHost.cachedDirFor(KotlinScriptEvaluator.kt:304)
2026-03-23T03:51:51.393-0300 [ERROR] [org.gradle.internal.buildevents.BuildExceptionReporter] 	at org.gradle.kotlin.dsl.execution.Interpreter.compile(Interpreter.kt:301)
2026-03-23T03:51:51.393-0300 [ERROR] [org.gradle.internal.buildevents.BuildExceptionReporter] 	at org.gradle.kotlin.dsl.execution.Interpreter.emitSpecializedProgramFor(Interpreter.kt:267)
2026-03-23T03:51:51.393-0300 [ERROR] [org.gradle.internal.buildevents.BuildExceptionReporter] 	at org.gradle.kotlin.dsl.execution.Interpreter.eval(Interpreter.kt:199)
2026-03-23T03:51:51.393-0300 [ERROR] [org.gradle.internal.buildevents.BuildExceptionReporter] 	at org.gradle.kotlin.dsl.provider.StandardKotlinScriptEvaluator.evaluate(KotlinScriptEvaluator.kt:133)
2026-03-23T03:51:51.393-0300 [ERROR] [org.gradle.internal.buildevents.BuildExceptionReporter] 	at org.gradle.kotlin.dsl.provider.KotlinScriptPluginFactory$create$1.invoke(KotlinScriptPluginFactory.kt:61)
2026-03-23T03:51:51.393-0300 [ERROR] [org.gradle.internal.buildevents.BuildExceptionReporter] 	at org.gradle.kotlin.dsl.provider.KotlinScriptPluginFactory$create$1.invoke(KotlinScriptPluginFactory.kt:52)
2026-03-23T03:51:51.393-0300 [ERROR] [org.gradle.internal.buildevents.BuildExceptionReporter] 	at org.gradle.kotlin.dsl.provider.KotlinScriptPlugin.apply(KotlinScriptPlugin.kt:35)
2026-03-23T03:51:51.393-0300 [ERROR] [org.gradle.internal.buildevents.BuildExceptionReporter] 	at org.gradle.configuration.BuildOperationScriptPlugin$1.run(BuildOperationScriptPlugin.java:68)
2026-03-23T03:51:51.393-0300 [ERROR] [org.gradle.internal.buildevents.BuildExceptionReporter] 	at org.gradle.internal.operations.DefaultBuildOperationRunner$1.execute(DefaultBuildOperationRunner.java:30)
2026-03-23T03:51:51.393-0300 [ERROR] [org.gradle.internal.buildevents.BuildExceptionReporter] 	at org.gradle.internal.operations.DefaultBuildOperationRunner$1.execute(DefaultBuildOperationRunner.java:27)
2026-03-23T03:51:51.393-0300 [ERROR] [org.gradle.internal.buildevents.BuildExceptionReporter] 	at org.gradle.internal.operations.DefaultBuildOperationRunner$2.execute(DefaultBuildOperationRunner.java:67)
2026-03-23T03:51:51.393-0300 [ERROR] [org.gradle.internal.buildevents.BuildExceptionReporter] 	at org.gradle.internal.operations.DefaultBuildOperationRunner$2.execute(DefaultBuildOperationRunner.java:60)
2026-03-23T03:51:51.393-0300 [ERROR] [org.gradle.internal.buildevents.BuildExceptionReporter] 	at org.gradle.internal.operations.DefaultBuildOperationRunner.execute(DefaultBuildOperationRunner.java:167)
2026-03-23T03:51:51.393-0300 [ERROR] [org.gradle.internal.buildevents.BuildExceptionReporter] 	at org.gradle.internal.operations.DefaultBuildOperationRunner.execute(DefaultBuildOperationRunner.java:60)
2026-03-23T03:51:51.393-0300 [ERROR] [org.gradle.internal.buildevents.BuildExceptionReporter] 	at org.gradle.internal.operations.DefaultBuildOperationRunner.run(DefaultBuildOperationRunner.java:48)
2026-03-23T03:51:51.393-0300 [ERROR] [org.gradle.internal.buildevents.BuildExceptionReporter] 	at org.gradle.configuration.BuildOperationScriptPlugin.lambda$apply$0(BuildOperationScriptPlugin.java:65)
2026-03-23T03:51:51.393-0300 [ERROR] [org.gradle.internal.buildevents.BuildExceptionReporter] 	at org.gradle.internal.code.DefaultUserCodeApplicationContext.apply(DefaultUserCodeApplicationContext.java:44)
2026-03-23T03:51:51.394-0300 [ERROR] [org.gradle.internal.buildevents.BuildExceptionReporter] 	at org.gradle.configuration.BuildOperationScriptPlugin.apply(BuildOperationScriptPlugin.java:65)
2026-03-23T03:51:51.394-0300 [ERROR] [org.gradle.internal.buildevents.BuildExceptionReporter] 	at org.gradle.initialization.ScriptEvaluatingSettingsProcessor.applySettingsScript(ScriptEvaluatingSettingsProcessor.java:75)
2026-03-23T03:51:51.394-0300 [ERROR] [org.gradle.internal.buildevents.BuildExceptionReporter] 	at org.gradle.initialization.ScriptEvaluatingSettingsProcessor.process(ScriptEvaluatingSettingsProcessor.java:68)
2026-03-23T03:51:51.394-0300 [ERROR] [org.gradle.internal.buildevents.BuildExceptionReporter] 	at org.gradle.initialization.SettingsEvaluatedCallbackFiringSettingsProcessor.process(SettingsEvaluatedCallbackFiringSettingsProcessor.java:34)
2026-03-23T03:51:51.394-0300 [ERROR] [org.gradle.internal.buildevents.BuildExceptionReporter] 	at org.gradle.initialization.RootBuildCacheControllerSettingsProcessor.process(RootBuildCacheControllerSettingsProcessor.java:47)
2026-03-23T03:51:51.394-0300 [ERROR] [org.gradle.internal.buildevents.BuildExceptionReporter] 	at org.gradle.initialization.BuildOperationSettingsProcessor$2.call(BuildOperationSettingsProcessor.java:49)
2026-03-23T03:51:51.394-0300 [ERROR] [org.gradle.internal.buildevents.BuildExceptionReporter] 	at org.gradle.initialization.BuildOperationSettingsProcessor$2.call(BuildOperationSettingsProcessor.java:46)
2026-03-23T03:51:51.394-0300 [ERROR] [org.gradle.internal.buildevents.BuildExceptionReporter] 	at org.gradle.internal.operations.DefaultBuildOperationRunner$CallableBuildOperationWorker.execute(DefaultBuildOperationRunner.java:210)
2026-03-23T03:51:51.394-0300 [ERROR] [org.gradle.internal.buildevents.BuildExceptionReporter] 	at org.gradle.internal.operations.DefaultBuildOperationRunner$CallableBuildOperationWorker.execute(DefaultBuildOperationRunner.java:205)
2026-03-23T03:51:51.394-0300 [ERROR] [org.gradle.internal.buildevents.BuildExceptionReporter] 	at org.gradle.internal.operations.DefaultBuildOperationRunner$2.execute(DefaultBuildOperationRunner.java:67)
2026-03-23T03:51:51.394-0300 [ERROR] [org.gradle.internal.buildevents.BuildExceptionReporter] 	at org.gradle.internal.operations.DefaultBuildOperationRunner$2.execute(DefaultBuildOperationRunner.java:60)
2026-03-23T03:51:51.394-0300 [ERROR] [org.gradle.internal.buildevents.BuildExceptionReporter] 	at org.gradle.internal.operations.DefaultBuildOperationRunner.execute(DefaultBuildOperationRunner.java:167)
2026-03-23T03:51:51.394-0300 [ERROR] [org.gradle.internal.buildevents.BuildExceptionReporter] 	at org.gradle.internal.operations.DefaultBuildOperationRunner.execute(DefaultBuildOperationRunner.java:60)
2026-03-23T03:51:51.394-0300 [ERROR] [org.gradle.internal.buildevents.BuildExceptionReporter] 	at org.gradle.internal.operations.DefaultBuildOperationRunner.call(DefaultBuildOperationRunner.java:54)
2026-03-23T03:51:51.394-0300 [ERROR] [org.gradle.internal.buildevents.BuildExceptionReporter] 	at org.gradle.initialization.BuildOperationSettingsProcessor.process(BuildOperationSettingsProcessor.java:46)
2026-03-23T03:51:51.394-0300 [ERROR] [org.gradle.internal.buildevents.BuildExceptionReporter] 	at org.gradle.initialization.DefaultSettingsLoader.findSettingsAndLoadIfAppropriate(DefaultSettingsLoader.java:183)
2026-03-23T03:51:51.394-0300 [ERROR] [org.gradle.internal.buildevents.BuildExceptionReporter] 	at org.gradle.initialization.DefaultSettingsLoader.findAndLoadSettings(DefaultSettingsLoader.java:86)
2026-03-23T03:51:51.394-0300 [ERROR] [org.gradle.internal.buildevents.BuildExceptionReporter] 	at org.gradle.initialization.SettingsAttachingSettingsLoader.findAndLoadSettings(SettingsAttachingSettingsLoader.java:33)
2026-03-23T03:51:51.394-0300 [ERROR] [org.gradle.internal.buildevents.BuildExceptionReporter] 	at org.gradle.internal.composite.CommandLineIncludedBuildSettingsLoader.findAndLoadSettings(CommandLineIncludedBuildSettingsLoader.java:35)
2026-03-23T03:51:51.394-0300 [ERROR] [org.gradle.internal.buildevents.BuildExceptionReporter] 	at org.gradle.internal.composite.ChildBuildRegisteringSettingsLoader.findAndLoadSettings(ChildBuildRegisteringSettingsLoader.java:44)
2026-03-23T03:51:51.394-0300 [ERROR] [org.gradle.internal.buildevents.BuildExceptionReporter] 	at org.gradle.internal.composite.CompositeBuildSettingsLoader.findAndLoadSettings(CompositeBuildSettingsLoader.java:35)
2026-03-23T03:51:51.394-0300 [ERROR] [org.gradle.internal.buildevents.BuildExceptionReporter] 	at org.gradle.initialization.InitScriptHandlingSettingsLoader.findAndLoadSettings(InitScriptHandlingSettingsLoader.java:33)
2026-03-23T03:51:51.394-0300 [ERROR] [org.gradle.internal.buildevents.BuildExceptionReporter] 	at org.gradle.api.internal.initialization.CacheConfigurationsHandlingSettingsLoader.findAndLoadSettings(CacheConfigurationsHandlingSettingsLoader.java:36)
2026-03-23T03:51:51.394-0300 [ERROR] [org.gradle.internal.buildevents.BuildExceptionReporter] 	at org.gradle.initialization.GradlePropertiesHandlingSettingsLoader.findAndLoadSettings(GradlePropertiesHandlingSettingsLoader.java:38)
2026-03-23T03:51:51.394-0300 [ERROR] [org.gradle.internal.buildevents.BuildExceptionReporter] 	at org.gradle.initialization.DefaultSettingsPreparer.prepareSettings(DefaultSettingsPreparer.java:31)
2026-03-23T03:51:51.394-0300 [ERROR] [org.gradle.internal.buildevents.BuildExceptionReporter] 	at org.gradle.initialization.BuildOperationFiringSettingsPreparer$LoadBuild.doLoadBuild(BuildOperationFiringSettingsPreparer.java:71)
2026-03-23T03:51:51.394-0300 [ERROR] [org.gradle.internal.buildevents.BuildExceptionReporter] 	at org.gradle.initialization.BuildOperationFiringSettingsPreparer$LoadBuild.run(BuildOperationFiringSettingsPreparer.java:66)
2026-03-23T03:51:51.394-0300 [ERROR] [org.gradle.internal.buildevents.BuildExceptionReporter] 	at org.gradle.internal.operations.DefaultBuildOperationRunner$1.execute(DefaultBuildOperationRunner.java:30)
2026-03-23T03:51:51.394-0300 [ERROR] [org.gradle.internal.buildevents.BuildExceptionReporter] 	at org.gradle.internal.operations.DefaultBuildOperationRunner$1.execute(DefaultBuildOperationRunner.java:27)
2026-03-23T03:51:51.394-0300 [ERROR] [org.gradle.internal.buildevents.BuildExceptionReporter] 	at org.gradle.internal.operations.DefaultBuildOperationRunner$2.execute(DefaultBuildOperationRunner.java:67)
2026-03-23T03:51:51.395-0300 [ERROR] [org.gradle.internal.buildevents.BuildExceptionReporter] 	at org.gradle.internal.operations.DefaultBuildOperationRunner$2.execute(DefaultBuildOperationRunner.java:60)
2026-03-23T03:51:51.395-0300 [ERROR] [org.gradle.internal.buildevents.BuildExceptionReporter] 	at org.gradle.internal.operations.DefaultBuildOperationRunner.execute(DefaultBuildOperationRunner.java:167)
2026-03-23T03:51:51.395-0300 [ERROR] [org.gradle.internal.buildevents.BuildExceptionReporter] 	at org.gradle.internal.operations.DefaultBuildOperationRunner.execute(DefaultBuildOperationRunner.java:60)
2026-03-23T03:51:51.395-0300 [ERROR] [org.gradle.internal.buildevents.BuildExceptionReporter] 	at org.gradle.internal.operations.DefaultBuildOperationRunner.run(DefaultBuildOperationRunner.java:48)
2026-03-23T03:51:51.395-0300 [ERROR] [org.gradle.internal.buildevents.BuildExceptionReporter] 	at org.gradle.initialization.BuildOperationFiringSettingsPreparer.prepareSettings(BuildOperationFiringSettingsPreparer.java:54)
2026-03-23T03:51:51.395-0300 [ERROR] [org.gradle.internal.buildevents.BuildExceptionReporter] 	at org.gradle.initialization.VintageBuildModelController.lambda$prepareSettings$1(VintageBuildModelController.java:80)
2026-03-23T03:51:51.395-0300 [ERROR] [org.gradle.internal.buildevents.BuildExceptionReporter] 	at org.gradle.internal.model.StateTransitionController.lambda$doTransition$14(StateTransitionController.java:255)
2026-03-23T03:51:51.395-0300 [ERROR] [org.gradle.internal.buildevents.BuildExceptionReporter] 	at org.gradle.internal.model.StateTransitionController.doTransition(StateTransitionController.java:266)
2026-03-23T03:51:51.395-0300 [ERROR] [org.gradle.internal.buildevents.BuildExceptionReporter] 	at org.gradle.internal.model.StateTransitionController.doTransition(StateTransitionController.java:254)
2026-03-23T03:51:51.395-0300 [ERROR] [org.gradle.internal.buildevents.BuildExceptionReporter] 	at org.gradle.internal.model.StateTransitionController.lambda$transitionIfNotPreviously$11(StateTransitionController.java:213)
2026-03-23T03:51:51.395-0300 [ERROR] [org.gradle.internal.buildevents.BuildExceptionReporter] 	at org.gradle.internal.work.DefaultSynchronizer.withLock(DefaultSynchronizer.java:36)
2026-03-23T03:51:51.395-0300 [ERROR] [org.gradle.internal.buildevents.BuildExceptionReporter] 	at org.gradle.internal.model.StateTransitionController.transitionIfNotPreviously(StateTransitionController.java:209)
2026-03-23T03:51:51.395-0300 [ERROR] [org.gradle.internal.buildevents.BuildExceptionReporter] 	at org.gradle.initialization.VintageBuildModelController.prepareSettings(VintageBuildModelController.java:80)
2026-03-23T03:51:51.395-0300 [ERROR] [org.gradle.internal.buildevents.BuildExceptionReporter] 	at org.gradle.initialization.VintageBuildModelController.prepareToScheduleTasks(VintageBuildModelController.java:70)
2026-03-23T03:51:51.395-0300 [ERROR] [org.gradle.internal.buildevents.BuildExceptionReporter] 	at org.gradle.internal.cc.impl.ConfigurationCacheAwareBuildModelController.prepareToScheduleTasks(ConfigurationCacheAwareBuildModelController.kt:49)
2026-03-23T03:51:51.395-0300 [ERROR] [org.gradle.internal.buildevents.BuildExceptionReporter] 	at org.gradle.internal.build.DefaultBuildLifecycleController.lambda$prepareToScheduleTasks$6(DefaultBuildLifecycleController.java:175)
2026-03-23T03:51:51.395-0300 [ERROR] [org.gradle.internal.buildevents.BuildExceptionReporter] 	at org.gradle.internal.model.StateTransitionController.lambda$doTransition$14(StateTransitionController.java:255)
2026-03-23T03:51:51.395-0300 [ERROR] [org.gradle.internal.buildevents.BuildExceptionReporter] 	at org.gradle.internal.model.StateTransitionController.doTransition(StateTransitionController.java:266)
2026-03-23T03:51:51.395-0300 [ERROR] [org.gradle.internal.buildevents.BuildExceptionReporter] 	at org.gradle.internal.model.StateTransitionController.doTransition(StateTransitionController.java:254)
2026-03-23T03:51:51.395-0300 [ERROR] [org.gradle.internal.buildevents.BuildExceptionReporter] 	at org.gradle.internal.model.StateTransitionController.lambda$maybeTransition$9(StateTransitionController.java:190)
2026-03-23T03:51:51.395-0300 [ERROR] [org.gradle.internal.buildevents.BuildExceptionReporter] 	at org.gradle.internal.work.DefaultSynchronizer.withLock(DefaultSynchronizer.java:36)
2026-03-23T03:51:51.395-0300 [ERROR] [org.gradle.internal.buildevents.BuildExceptionReporter] 	at org.gradle.internal.model.StateTransitionController.maybeTransition(StateTransitionController.java:186)
2026-03-23T03:51:51.395-0300 [ERROR] [org.gradle.internal.buildevents.BuildExceptionReporter] 	at org.gradle.internal.build.DefaultBuildLifecycleController.prepareToScheduleTasks(DefaultBuildLifecycleController.java:173)
2026-03-23T03:51:51.395-0300 [ERROR] [org.gradle.internal.buildevents.BuildExceptionReporter] 	at org.gradle.internal.buildtree.DefaultBuildTreeWorkPreparer.scheduleRequestedTasks(DefaultBuildTreeWorkPreparer.java:36)
2026-03-23T03:51:51.395-0300 [ERROR] [org.gradle.internal.buildevents.BuildExceptionReporter] 	at org.gradle.internal.cc.impl.ConfigurationCacheAwareBuildTreeWorkController$scheduleAndRunRequestedTasks$executionResult$1$result$1.invoke(ConfigurationCacheAwareBuildTreeWorkController.kt:48)
2026-03-23T03:51:51.395-0300 [ERROR] [org.gradle.internal.buildevents.BuildExceptionReporter] 	at org.gradle.internal.cc.impl.ConfigurationCacheAwareBuildTreeWorkController$scheduleAndRunRequestedTasks$executionResult$1$result$1.invoke(ConfigurationCacheAwareBuildTreeWorkController.kt:45)
2026-03-23T03:51:51.395-0300 [ERROR] [org.gradle.internal.buildevents.BuildExceptionReporter] 	at org.gradle.internal.cc.impl.DefaultConfigurationCache$loadOrScheduleRequestedTasks$1.invoke(DefaultConfigurationCache.kt:241)
2026-03-23T03:51:51.395-0300 [ERROR] [org.gradle.internal.buildevents.BuildExceptionReporter] 	at org.gradle.internal.cc.impl.DefaultConfigurationCache$loadOrScheduleRequestedTasks$1.invoke(DefaultConfigurationCache.kt:240)
2026-03-23T03:51:51.395-0300 [ERROR] [org.gradle.internal.buildevents.BuildExceptionReporter] 	at org.gradle.internal.cc.impl.DefaultConfigurationCache.runWorkThatContributesToCacheEntry(DefaultConfigurationCache.kt:552)
2026-03-23T03:51:51.396-0300 [ERROR] [org.gradle.internal.buildevents.BuildExceptionReporter] 	at org.gradle.internal.cc.impl.DefaultConfigurationCache.loadOrScheduleRequestedTasks(DefaultConfigurationCache.kt:240)
2026-03-23T03:51:51.396-0300 [ERROR] [org.gradle.internal.buildevents.BuildExceptionReporter] 	at org.gradle.internal.cc.impl.ConfigurationCacheAwareBuildTreeWorkController$scheduleAndRunRequestedTasks$executionResult$1.apply(ConfigurationCacheAwareBuildTreeWorkController.kt:45)
2026-03-23T03:51:51.396-0300 [ERROR] [org.gradle.internal.buildevents.BuildExceptionReporter] 	at org.gradle.internal.cc.impl.ConfigurationCacheAwareBuildTreeWorkController$scheduleAndRunRequestedTasks$executionResult$1.apply(ConfigurationCacheAwareBuildTreeWorkController.kt:44)
2026-03-23T03:51:51.396-0300 [ERROR] [org.gradle.internal.buildevents.BuildExceptionReporter] 	at org.gradle.composite.internal.DefaultIncludedBuildTaskGraph.withNewWorkGraph(DefaultIncludedBuildTaskGraph.java:112)
2026-03-23T03:51:51.396-0300 [ERROR] [org.gradle.internal.buildevents.BuildExceptionReporter] 	at org.gradle.internal.cc.impl.ConfigurationCacheAwareBuildTreeWorkController.scheduleAndRunRequestedTasks(ConfigurationCacheAwareBuildTreeWorkController.kt:44)
2026-03-23T03:51:51.396-0300 [ERROR] [org.gradle.internal.buildevents.BuildExceptionReporter] 	at org.gradle.internal.buildtree.DefaultBuildTreeLifecycleController.lambda$scheduleAndRunTasks$1(DefaultBuildTreeLifecycleController.java:77)
2026-03-23T03:51:51.396-0300 [ERROR] [org.gradle.internal.buildevents.BuildExceptionReporter] 	at org.gradle.internal.buildtree.DefaultBuildTreeLifecycleController.lambda$runBuild$4(DefaultBuildTreeLifecycleController.java:120)
2026-03-23T03:51:51.396-0300 [ERROR] [org.gradle.internal.buildevents.BuildExceptionReporter] 	at org.gradle.internal.model.StateTransitionController.lambda$transition$6(StateTransitionController.java:169)
2026-03-23T03:51:51.396-0300 [ERROR] [org.gradle.internal.buildevents.BuildExceptionReporter] 	at org.gradle.internal.model.StateTransitionController.doTransition(StateTransitionController.java:266)
2026-03-23T03:51:51.396-0300 [ERROR] [org.gradle.internal.buildevents.BuildExceptionReporter] 	at org.gradle.internal.model.StateTransitionController.lambda$transition$7(StateTransitionController.java:169)
2026-03-23T03:51:51.396-0300 [ERROR] [org.gradle.internal.buildevents.BuildExceptionReporter] 	at org.gradle.internal.work.DefaultSynchronizer.withLock(DefaultSynchronizer.java:46)
2026-03-23T03:51:51.396-0300 [ERROR] [org.gradle.internal.buildevents.BuildExceptionReporter] 	at org.gradle.internal.model.StateTransitionController.transition(StateTransitionController.java:169)
2026-03-23T03:51:51.396-0300 [ERROR] [org.gradle.internal.buildevents.BuildExceptionReporter] 	at org.gradle.internal.buildtree.DefaultBuildTreeLifecycleController.runBuild(DefaultBuildTreeLifecycleController.java:117)
2026-03-23T03:51:51.396-0300 [ERROR] [org.gradle.internal.buildevents.BuildExceptionReporter] 	at org.gradle.internal.buildtree.DefaultBuildTreeLifecycleController.scheduleAndRunTasks(DefaultBuildTreeLifecycleController.java:77)
2026-03-23T03:51:51.396-0300 [ERROR] [org.gradle.internal.buildevents.BuildExceptionReporter] 	at org.gradle.internal.buildtree.DefaultBuildTreeLifecycleController.scheduleAndRunTasks(DefaultBuildTreeLifecycleController.java:72)
2026-03-23T03:51:51.396-0300 [ERROR] [org.gradle.internal.buildevents.BuildExceptionReporter] 	at org.gradle.tooling.internal.provider.ExecuteBuildActionRunner.run(ExecuteBuildActionRunner.java:31)
2026-03-23T03:51:51.396-0300 [ERROR] [org.gradle.internal.buildevents.BuildExceptionReporter] 	at org.gradle.launcher.exec.ChainingBuildActionRunner.run(ChainingBuildActionRunner.java:35)
2026-03-23T03:51:51.396-0300 [ERROR] [org.gradle.internal.buildevents.BuildExceptionReporter] 	at org.gradle.internal.buildtree.ProblemReportingBuildActionRunner.run(ProblemReportingBuildActionRunner.java:49)
2026-03-23T03:51:51.396-0300 [ERROR] [org.gradle.internal.buildevents.BuildExceptionReporter] 	at org.gradle.launcher.exec.BuildOutcomeReportingBuildActionRunner.run(BuildOutcomeReportingBuildActionRunner.java:71)
2026-03-23T03:51:51.396-0300 [ERROR] [org.gradle.internal.buildevents.BuildExceptionReporter] 	at org.gradle.tooling.internal.provider.FileSystemWatchingBuildActionRunner.run(FileSystemWatchingBuildActionRunner.java:135)
2026-03-23T03:51:51.397-0300 [ERROR] [org.gradle.internal.buildevents.BuildExceptionReporter] 	at org.gradle.launcher.exec.BuildCompletionNotifyingBuildActionRunner.run(BuildCompletionNotifyingBuildActionRunner.java:41)
2026-03-23T03:51:51.397-0300 [ERROR] [org.gradle.internal.buildevents.BuildExceptionReporter] 	at org.gradle.launcher.exec.RootBuildLifecycleBuildActionExecutor.lambda$execute$0(RootBuildLifecycleBuildActionExecutor.java:54)
2026-03-23T03:51:51.397-0300 [ERROR] [org.gradle.internal.buildevents.BuildExceptionReporter] 	at org.gradle.composite.internal.DefaultRootBuildState.run(DefaultRootBuildState.java:130)
2026-03-23T03:51:51.397-0300 [ERROR] [org.gradle.internal.buildevents.BuildExceptionReporter] 	at org.gradle.launcher.exec.RootBuildLifecycleBuildActionExecutor.execute(RootBuildLifecycleBuildActionExecutor.java:54)
2026-03-23T03:51:51.397-0300 [ERROR] [org.gradle.internal.buildevents.BuildExceptionReporter] 	at org.gradle.internal.buildtree.InitDeprecationLoggingActionExecutor.execute(InitDeprecationLoggingActionExecutor.java:62)
2026-03-23T03:51:51.397-0300 [ERROR] [org.gradle.internal.buildevents.BuildExceptionReporter] 	at org.gradle.internal.buildtree.InitProblems.execute(InitProblems.java:36)
2026-03-23T03:51:51.397-0300 [ERROR] [org.gradle.internal.buildevents.BuildExceptionReporter] 	at org.gradle.internal.buildtree.DefaultBuildTreeContext.execute(DefaultBuildTreeContext.java:40)
2026-03-23T03:51:51.397-0300 [ERROR] [org.gradle.internal.buildevents.BuildExceptionReporter] 	at org.gradle.launcher.exec.BuildTreeLifecycleBuildActionExecutor.lambda$execute$0(BuildTreeLifecycleBuildActionExecutor.java:71)
2026-03-23T03:51:51.397-0300 [ERROR] [org.gradle.internal.buildevents.BuildExceptionReporter] 	at org.gradle.internal.buildtree.BuildTreeState.run(BuildTreeState.java:60)
2026-03-23T03:51:51.397-0300 [ERROR] [org.gradle.internal.buildevents.BuildExceptionReporter] 	at org.gradle.launcher.exec.BuildTreeLifecycleBuildActionExecutor.execute(BuildTreeLifecycleBuildActionExecutor.java:71)
2026-03-23T03:51:51.397-0300 [ERROR] [org.gradle.internal.buildevents.BuildExceptionReporter] 	at org.gradle.launcher.exec.RunAsBuildOperationBuildActionExecutor$2.call(RunAsBuildOperationBuildActionExecutor.java:67)
2026-03-23T03:51:51.397-0300 [ERROR] [org.gradle.internal.buildevents.BuildExceptionReporter] 	at org.gradle.launcher.exec.RunAsBuildOperationBuildActionExecutor$2.call(RunAsBuildOperationBuildActionExecutor.java:63)
2026-03-23T03:51:51.397-0300 [ERROR] [org.gradle.internal.buildevents.BuildExceptionReporter] 	at org.gradle.internal.operations.DefaultBuildOperationRunner$CallableBuildOperationWorker.execute(DefaultBuildOperationRunner.java:210)
2026-03-23T03:51:51.397-0300 [ERROR] [org.gradle.internal.buildevents.BuildExceptionReporter] 	at org.gradle.internal.operations.DefaultBuildOperationRunner$CallableBuildOperationWorker.execute(DefaultBuildOperationRunner.java:205)
2026-03-23T03:51:51.397-0300 [ERROR] [org.gradle.internal.buildevents.BuildExceptionReporter] 	at org.gradle.internal.operations.DefaultBuildOperationRunner$2.execute(DefaultBuildOperationRunner.java:67)
2026-03-23T03:51:51.397-0300 [ERROR] [org.gradle.internal.buildevents.BuildExceptionReporter] 	at org.gradle.internal.operations.DefaultBuildOperationRunner$2.execute(DefaultBuildOperationRunner.java:60)
2026-03-23T03:51:51.397-0300 [ERROR] [org.gradle.internal.buildevents.BuildExceptionReporter] 	at org.gradle.internal.operations.DefaultBuildOperationRunner.execute(DefaultBuildOperationRunner.java:167)
2026-03-23T03:51:51.397-0300 [ERROR] [org.gradle.internal.buildevents.BuildExceptionReporter] 	at org.gradle.internal.operations.DefaultBuildOperationRunner.execute(DefaultBuildOperationRunner.java:60)
2026-03-23T03:51:51.397-0300 [ERROR] [org.gradle.internal.buildevents.BuildExceptionReporter] 	at org.gradle.internal.operations.DefaultBuildOperationRunner.call(DefaultBuildOperationRunner.java:54)
2026-03-23T03:51:51.397-0300 [ERROR] [org.gradle.internal.buildevents.BuildExceptionReporter] 	at org.gradle.launcher.exec.RunAsBuildOperationBuildActionExecutor.execute(RunAsBuildOperationBuildActionExecutor.java:63)
2026-03-23T03:51:51.397-0300 [ERROR] [org.gradle.internal.buildevents.BuildExceptionReporter] 	at org.gradle.launcher.exec.RunAsWorkerThreadBuildActionExecutor.lambda$execute$0(RunAsWorkerThreadBuildActionExecutor.java:36)
2026-03-23T03:51:51.397-0300 [ERROR] [org.gradle.internal.buildevents.BuildExceptionReporter] 	at org.gradle.internal.work.DefaultWorkerLeaseService.withLocks(DefaultWorkerLeaseService.java:263)
2026-03-23T03:51:51.397-0300 [ERROR] [org.gradle.internal.buildevents.BuildExceptionReporter] 	at org.gradle.internal.work.DefaultWorkerLeaseService.runAsWorkerThread(DefaultWorkerLeaseService.java:127)
2026-03-23T03:51:51.397-0300 [ERROR] [org.gradle.internal.buildevents.BuildExceptionReporter] 	at org.gradle.launcher.exec.RunAsWorkerThreadBuildActionExecutor.execute(RunAsWorkerThreadBuildActionExecutor.java:36)
2026-03-23T03:51:51.398-0300 [ERROR] [org.gradle.internal.buildevents.BuildExceptionReporter] 	at org.gradle.tooling.internal.provider.continuous.ContinuousBuildActionExecutor.execute(ContinuousBuildActionExecutor.java:110)
2026-03-23T03:51:51.398-0300 [ERROR] [org.gradle.internal.buildevents.BuildExceptionReporter] 	at org.gradle.tooling.internal.provider.SubscribableBuildActionExecutor.execute(SubscribableBuildActionExecutor.java:64)
2026-03-23T03:51:51.398-0300 [ERROR] [org.gradle.internal.buildevents.BuildExceptionReporter] 	at org.gradle.internal.session.DefaultBuildSessionContext.execute(DefaultBuildSessionContext.java:46)
2026-03-23T03:51:51.398-0300 [ERROR] [org.gradle.internal.buildevents.BuildExceptionReporter] 	at org.gradle.internal.buildprocess.execution.BuildSessionLifecycleBuildActionExecutor$ActionImpl.apply(BuildSessionLifecycleBuildActionExecutor.java:92)
2026-03-23T03:51:51.398-0300 [ERROR] [org.gradle.internal.buildevents.BuildExceptionReporter] 	at org.gradle.internal.buildprocess.execution.BuildSessionLifecycleBuildActionExecutor$ActionImpl.apply(BuildSessionLifecycleBuildActionExecutor.java:80)
2026-03-23T03:51:51.398-0300 [ERROR] [org.gradle.internal.buildevents.BuildExceptionReporter] 	at org.gradle.internal.session.BuildSessionState.run(BuildSessionState.java:73)
2026-03-23T03:51:51.398-0300 [ERROR] [org.gradle.internal.buildevents.BuildExceptionReporter] 	at org.gradle.internal.buildprocess.execution.BuildSessionLifecycleBuildActionExecutor.execute(BuildSessionLifecycleBuildActionExecutor.java:62)
2026-03-23T03:51:51.398-0300 [ERROR] [org.gradle.internal.buildevents.BuildExceptionReporter] 	at org.gradle.internal.buildprocess.execution.BuildSessionLifecycleBuildActionExecutor.execute(BuildSessionLifecycleBuildActionExecutor.java:41)
2026-03-23T03:51:51.398-0300 [ERROR] [org.gradle.internal.buildevents.BuildExceptionReporter] 	at org.gradle.internal.buildprocess.execution.StartParamsValidatingActionExecutor.execute(StartParamsValidatingActionExecutor.java:64)
2026-03-23T03:51:51.398-0300 [ERROR] [org.gradle.internal.buildevents.BuildExceptionReporter] 	at org.gradle.internal.buildprocess.execution.StartParamsValidatingActionExecutor.execute(StartParamsValidatingActionExecutor.java:32)
2026-03-23T03:51:51.398-0300 [ERROR] [org.gradle.internal.buildevents.BuildExceptionReporter] 	at org.gradle.internal.buildprocess.execution.SessionFailureReportingActionExecutor.execute(SessionFailureReportingActionExecutor.java:51)
2026-03-23T03:51:51.398-0300 [ERROR] [org.gradle.internal.buildevents.BuildExceptionReporter] 	at org.gradle.internal.buildprocess.execution.SessionFailureReportingActionExecutor.execute(SessionFailureReportingActionExecutor.java:39)
2026-03-23T03:51:51.398-0300 [ERROR] [org.gradle.internal.buildevents.BuildExceptionReporter] 	at org.gradle.internal.buildprocess.execution.SetupLoggingActionExecutor.execute(SetupLoggingActionExecutor.java:47)
2026-03-23T03:51:51.398-0300 [ERROR] [org.gradle.internal.buildevents.BuildExceptionReporter] 	at org.gradle.internal.buildprocess.execution.SetupLoggingActionExecutor.execute(SetupLoggingActionExecutor.java:31)
2026-03-23T03:51:51.398-0300 [ERROR] [org.gradle.internal.buildevents.BuildExceptionReporter] 	at org.gradle.launcher.daemon.server.exec.ExecuteBuild.doBuild(ExecuteBuild.java:70)
2026-03-23T03:51:51.398-0300 [ERROR] [org.gradle.internal.buildevents.BuildExceptionReporter] 	at org.gradle.launcher.daemon.server.exec.BuildCommandOnly.execute(BuildCommandOnly.java:37)
2026-03-23T03:51:51.398-0300 [ERROR] [org.gradle.internal.buildevents.BuildExceptionReporter] 	at org.gradle.launcher.daemon.server.api.DaemonCommandExecution.proceed(DaemonCommandExecution.java:104)
2026-03-23T03:51:51.398-0300 [ERROR] [org.gradle.internal.buildevents.BuildExceptionReporter] 	at org.gradle.launcher.daemon.server.exec.WatchForDisconnection.execute(WatchForDisconnection.java:39)
2026-03-23T03:51:51.398-0300 [ERROR] [org.gradle.internal.buildevents.BuildExceptionReporter] 	at org.gradle.launcher.daemon.server.api.DaemonCommandExecution.proceed(DaemonCommandExecution.java:104)
2026-03-23T03:51:51.398-0300 [ERROR] [org.gradle.internal.buildevents.BuildExceptionReporter] 	at org.gradle.launcher.daemon.server.exec.ResetDeprecationLogger.execute(ResetDeprecationLogger.java:29)
2026-03-23T03:51:51.398-0300 [ERROR] [org.gradle.internal.buildevents.BuildExceptionReporter] 	at org.gradle.launcher.daemon.server.api.DaemonCommandExecution.proceed(DaemonCommandExecution.java:104)
2026-03-23T03:51:51.398-0300 [ERROR] [org.gradle.internal.buildevents.BuildExceptionReporter] 	at org.gradle.launcher.daemon.server.exec.RequestStopIfSingleUsedDaemon.execute(RequestStopIfSingleUsedDaemon.java:35)
2026-03-23T03:51:51.398-0300 [ERROR] [org.gradle.internal.buildevents.BuildExceptionReporter] 	at org.gradle.launcher.daemon.server.api.DaemonCommandExecution.proceed(DaemonCommandExecution.java:104)
2026-03-23T03:51:51.398-0300 [ERROR] [org.gradle.internal.buildevents.BuildExceptionReporter] 	at org.gradle.launcher.daemon.server.exec.ForwardClientInput.lambda$execute$0(ForwardClientInput.java:40)
2026-03-23T03:51:51.398-0300 [ERROR] [org.gradle.internal.buildevents.BuildExceptionReporter] 	at org.gradle.internal.daemon.clientinput.ClientInputForwarder.forwardInput(ClientInputForwarder.java:80)
2026-03-23T03:51:51.398-0300 [ERROR] [org.gradle.internal.buildevents.BuildExceptionReporter] 	at org.gradle.launcher.daemon.server.exec.ForwardClientInput.execute(ForwardClientInput.java:37)
2026-03-23T03:51:51.398-0300 [ERROR] [org.gradle.internal.buildevents.BuildExceptionReporter] 	at org.gradle.launcher.daemon.server.api.DaemonCommandExecution.proceed(DaemonCommandExecution.java:104)
2026-03-23T03:51:51.398-0300 [ERROR] [org.gradle.internal.buildevents.BuildExceptionReporter] 	at org.gradle.launcher.daemon.server.exec.LogAndCheckHealth.execute(LogAndCheckHealth.java:64)
2026-03-23T03:51:51.398-0300 [ERROR] [org.gradle.internal.buildevents.BuildExceptionReporter] 	at org.gradle.launcher.daemon.server.api.DaemonCommandExecution.proceed(DaemonCommandExecution.java:104)
2026-03-23T03:51:51.398-0300 [ERROR] [org.gradle.internal.buildevents.BuildExceptionReporter] 	at org.gradle.launcher.daemon.server.exec.LogToClient.doBuild(LogToClient.java:63)
2026-03-23T03:51:51.398-0300 [ERROR] [org.gradle.internal.buildevents.BuildExceptionReporter] 	at org.gradle.launcher.daemon.server.exec.BuildCommandOnly.execute(BuildCommandOnly.java:37)
2026-03-23T03:51:51.398-0300 [ERROR] [org.gradle.internal.buildevents.BuildExceptionReporter] 	at org.gradle.launcher.daemon.server.api.DaemonCommandExecution.proceed(DaemonCommandExecution.java:104)
2026-03-23T03:51:51.398-0300 [ERROR] [org.gradle.internal.buildevents.BuildExceptionReporter] 	at org.gradle.launcher.daemon.server.exec.EstablishBuildEnvironment.doBuild(EstablishBuildEnvironment.java:84)
2026-03-23T03:51:51.399-0300 [ERROR] [org.gradle.internal.buildevents.BuildExceptionReporter] 	at org.gradle.launcher.daemon.server.exec.BuildCommandOnly.execute(BuildCommandOnly.java:37)
2026-03-23T03:51:51.399-0300 [ERROR] [org.gradle.internal.buildevents.BuildExceptionReporter] 	at org.gradle.launcher.daemon.server.api.DaemonCommandExecution.proceed(DaemonCommandExecution.java:104)
2026-03-23T03:51:51.399-0300 [ERROR] [org.gradle.internal.buildevents.BuildExceptionReporter] 	at org.gradle.launcher.daemon.server.exec.StartBuildOrRespondWithBusy$1.run(StartBuildOrRespondWithBusy.java:52)
2026-03-23T03:51:51.399-0300 [ERROR] [org.gradle.internal.buildevents.BuildExceptionReporter] 	at org.gradle.launcher.daemon.server.DaemonStateCoordinator.lambda$runCommand$0(DaemonStateCoordinator.java:321)
2026-03-23T03:51:51.399-0300 [ERROR] [org.gradle.internal.buildevents.BuildExceptionReporter] 	at org.gradle.internal.concurrent.ExecutorPolicy$CatchAndRecordFailures.onExecute(ExecutorPolicy.java:64)
2026-03-23T03:51:51.399-0300 [ERROR] [org.gradle.internal.buildevents.BuildExceptionReporter] 	at org.gradle.internal.concurrent.AbstractManagedExecutor$1.run(AbstractManagedExecutor.java:48)
2026-03-23T03:51:51.399-0300 [ERROR] [org.gradle.internal.buildevents.BuildExceptionReporter] 
2026-03-23T03:51:51.399-0300 [ERROR] [org.gradle.internal.buildevents.BuildResultLogger] 
2026-03-23T03:51:51.399-0300 [ERROR] [org.gradle.internal.buildevents.BuildResultLogger] BUILD FAILED in 797ms
2026-03-23T03:51:51.399-0300 [DEBUG] [org.gradle.internal.operations.DefaultBuildOperationRunner] Build operation 'Build finished for file system watching' started
2026-03-23T03:51:51.400-0300 [INFO] [org.gradle.internal.watch.registry.impl.HierarchicalFileWatcherUpdater] Watched directory hierarchies: [/Users/lornacalvete/Documents/RealFitness-iOS/Real-fit-android]
2026-03-23T03:51:51.400-0300 [DEBUG] [org.gradle.internal.operations.DefaultBuildOperationRunner] Completing Build operation 'Build finished for file system watching'
2026-03-23T03:51:51.400-0300 [DEBUG] [org.gradle.internal.operations.DefaultBuildOperationRunner] Build operation 'Build finished for file system watching' completed
2026-03-23T03:51:51.400-0300 [WARN] [org.gradle.internal.cc.impl.problems.ConfigurationCacheProblems] Configuration cache entry stored.
2026-03-23T03:51:51.401-0300 [DEBUG] [org.gradle.cache.internal.LockOnDemandCrossProcessCacheAccess] Releasing file lock for Build Output Cleanup Cache (/Users/lornacalvete/Documents/RealFitness-iOS/Real-fit-android/.gradle/buildOutputCleanup)
2026-03-23T03:51:51.401-0300 [DEBUG] [org.gradle.cache.internal.DefaultFileLockManager] Releasing lock on Build Output Cleanup Cache (/Users/lornacalvete/Documents/RealFitness-iOS/Real-fit-android/.gradle/buildOutputCleanup).
2026-03-23T03:51:51.401-0300 [DEBUG] [org.gradle.internal.operations.DefaultBuildOperationRunner] Completing Build operation 'Run build'
2026-03-23T03:51:51.401-0300 [DEBUG] [org.gradle.internal.operations.DefaultBuildOperationRunner] Build operation 'Run build' completed
2026-03-23T03:51:51.401-0300 [DEBUG] [org.gradle.internal.resources.AbstractTrackedResourceLock] Daemon worker Thread 2: released lock on worker lease
2026-03-23T03:51:51.404-0300 [DEBUG] [org.gradle.deployment.internal.DefaultDeploymentRegistry] Stopping 0 deployment handles
2026-03-23T03:51:51.404-0300 [DEBUG] [org.gradle.deployment.internal.DefaultDeploymentRegistry] Stopped deployment handles
2026-03-23T03:51:51.404-0300 [DEBUG] [org.gradle.cache.internal.LockOnDemandCrossProcessCacheAccess] Releasing file lock for Configuration Cache (/Users/lornacalvete/Documents/RealFitness-iOS/Real-fit-android/.gradle/configuration-cache)
2026-03-23T03:51:51.404-0300 [DEBUG] [org.gradle.cache.internal.DefaultFileLockManager] Releasing lock on Configuration Cache (/Users/lornacalvete/Documents/RealFitness-iOS/Real-fit-android/.gradle/configuration-cache).
2026-03-23T03:51:51.404-0300 [DEBUG] [org.gradle.cache.internal.DefaultCacheCleanupExecutor] Configuration Cache (/Users/lornacalvete/Documents/RealFitness-iOS/Real-fit-android/.gradle/configuration-cache) has last been fully cleaned up 0 hours ago
2026-03-23T03:51:51.404-0300 [DEBUG] [org.gradle.cache.internal.DefaultCacheCleanupExecutor] Skipping cleanup for Configuration Cache (/Users/lornacalvete/Documents/RealFitness-iOS/Real-fit-android/.gradle/configuration-cache) as it is not yet due
2026-03-23T03:51:51.405-0300 [DEBUG] [org.gradle.cache.internal.LockOnDemandCrossProcessCacheAccess] Releasing file lock for file hash cache (/Users/lornacalvete/Documents/RealFitness-iOS/Real-fit-android/.gradle/8.13/fileHashes)
2026-03-23T03:51:51.405-0300 [DEBUG] [org.gradle.cache.internal.DefaultFileLockManager] Releasing lock on file hash cache (/Users/lornacalvete/Documents/RealFitness-iOS/Real-fit-android/.gradle/8.13/fileHashes).
2026-03-23T03:51:51.405-0300 [DEBUG] [org.gradle.cache.internal.LockOnDemandCrossProcessCacheAccess] Releasing file lock for checksums cache (/Users/lornacalvete/Documents/RealFitness-iOS/Real-fit-android/.gradle/8.13/checksums)
2026-03-23T03:51:51.405-0300 [DEBUG] [org.gradle.cache.internal.DefaultFileLockManager] Releasing lock on checksums cache (/Users/lornacalvete/Documents/RealFitness-iOS/Real-fit-android/.gradle/8.13/checksums).
2026-03-23T03:51:51.406-0300 [DEBUG] [org.gradle.cache.internal.DefaultCacheCoordinator] Cache Compressed Files Expansion Cache (/Users/lornacalvete/Documents/RealFitness-iOS/Real-fit-android/.gradle/8.13/expanded) was closed 0 times.
2026-03-23T03:51:51.406-0300 [DEBUG] [org.gradle.internal.operations.DefaultBuildOperationRunner] Build operation 'Deleting unused version-specific caches in /Users/lornacalvete/Documents/RealFitness-iOS/Real-fit-android/.gradle' started
2026-03-23T03:51:51.406-0300 [DEBUG] [org.gradle.internal.operations.DefaultBuildOperationRunner] Completing Build operation 'Deleting unused version-specific caches in /Users/lornacalvete/Documents/RealFitness-iOS/Real-fit-android/.gradle'
2026-03-23T03:51:51.406-0300 [DEBUG] [org.gradle.internal.operations.DefaultBuildOperationRunner] Build operation 'Deleting unused version-specific caches in /Users/lornacalvete/Documents/RealFitness-iOS/Real-fit-android/.gradle' completed
2026-03-23T03:51:51.417-0300 [DEBUG] [org.gradle.launcher.daemon.server.exec.ExecuteBuild] The daemon has finished executing the build.
2026-03-23T03:51:51.445-0300 [DEBUG] [org.gradle.launcher.daemon.client.DaemonClientConnection] thread 3: dispatching class org.gradle.launcher.daemon.protocol.CloseInput
2026-03-23T03:51:51.446-0300 [DEBUG] [org.gradle.launcher.daemon.client.DaemonClient] Received result Success[value=org.gradle.launcher.exec.BuildActionResult@2dd29a59] from daemon DaemonInfo{pid=98203, address=[01e0021d-8800-4e3d-bab4-7ffd31ab232a port:62908, addresses:[/127.0.0.1]], state=Idle, lastBusy=1774248665551, context=DefaultDaemonContext[uid=82cce6ab-e287-4b3c-9ad2-50a3b99358a1,javaHome=/Library/Java/JavaVirtualMachines/temurin-25.jdk/Contents/Home,javaVersion=25,javaVendor=Eclipse Adoptium,daemonRegistryDir=/Users/lornacalvete/.gradle/daemon,pid=98203,idleTimeout=10800000,priority=NORMAL,applyInstrumentationAgent=true,nativeServicesMode=ENABLED,daemonOpts=-Xmx4096m,-Dfile.encoding=UTF-8,-Duser.country=AR,-Duser.language=es,-Duser.variant]} (build should be done).
2026-03-23T03:51:51.446-0300 [DEBUG] [org.gradle.launcher.daemon.client.DaemonClientConnection] thread 3: dispatching class org.gradle.launcher.daemon.protocol.Finished
2026-03-23T03:51:51.446-0300 [DEBUG] [org.gradle.launcher.daemon.client.DaemonClientConnection] thread 3: connection stop
2026-03-23T03:51:51.448-0300 [DEBUG] [org.gradle.cache.internal.DefaultCacheCoordinator] Cache cache directory jvms (/Users/lornacalvete/.gradle/caches/8.13/jvms) was closed 0 times.
2026-03-23T03:51:51.448-0300 [LIFECYCLE] [org.gradle.launcher.cli.DebugLoggerWarningAction] 
#############################################################################
   WARNING WARNING WARNING WARNING WARNING WARNING WARNING WARNING WARNING

   Debug level logging will leak security sensitive information!

   For more details, please refer to https://docs.gradle.org/8.13/userguide/logging.html#sec:debug_security in the Gradle documentation.
#############################################################################

